State,Soil,Crop,Variety,Season,Available-N(kg/ha),Available-P(kg/ha),Available-K(kg/ha),Required-N(kg/ha),Required-P(kg/ha),Required-K(kg/ha),Yeild(q/ha)
Andhra Pradesh,Black Soil,Rice,Mashuri,Kharif,150,5,150,115,144,52,50
Andhra Pradesh,Black Soil,Rice,Mashuri,Kharif,150,5,150,133,144,60,55
Andhra Pradesh,Black Soil,Rice,Mashuri,Kharif,175,10,200,102,128,42,50
Andhra Pradesh,Black Soil,Rice,Mashuri,Kharif,175,10,200,121,128,50,55
Andhra Pradesh,Black Soil,Rice,Mashuri,Kharif,200,15,250,90,112,33,50
Andhra Pradesh,Black Soil,Rice,Mashuri,Kharif,200,15,250,108,112,40,55
Andhra Pradesh,Black Soil,Rice,Mashuri,Kharif,225,20,300,77,96,23,50
Andhra Pradesh,Black Soil,Rice,Mashuri,Kharif,225,20,300,96,96,31,55
Andhra Pradesh,Black Soil,Rice,Mashuri,Kharif,250,25,350,65,80,14,50
Andhra Pradesh,Black Soil,Rice,Mashuri,Kharif,250,25,350,83,80,22,55
Andhra Pradesh,Black Soil,Rice,Mashuri,Kharif,275,30,400,52,64,4,50
Andhra Pradesh,Black Soil,Rice,Mashuri,Kharif,275,30,400,71,65,12,55
Andhra Pradesh,Black Soil,Rice,Mashuri,Kharif,300,35,450,40,49,3,50
Andhra Pradesh,Black Soil,Rice,Mashuri,Kharif,300,35,450,58,49,10,55
Andhra Pradesh,Black Soil,Rice,Mashuri,Kharif,325,40,500,27,33,2,50
Andhra Pradesh,Black Soil,Rice,Mashuri,Kharif,325,40,500,46,33,10,55
Andhra Pradesh,Black Soil,Rice,Mashuri,Kharif,350,45,550,14,17,2,50
Andhra Pradesh,Black Soil,Rice,Mashuri,Kharif,350,45,550,33,17,10,55
Andhra Pradesh,Black Soil,Rice,Mashuri,Kharif,375,50,600,2,15,2,50
Andhra Pradesh,Black Soil,Rice,Mashuri,Kharif,375,50,600,21,15,10,55
Andhra Pradesh,Black Soil,Rice,Mashuri,Kharif,400,55,650,0,15,2,50
Andhra Pradesh,Black Soil,Rice,Mashuri,Kharif,400,55,650,8,15,10,55
Andhra Pradesh,Inceptisol,Rice,Pothana,Kharif,150,5,100,123,87,112,50
Andhra Pradesh,Inceptisol,Rice,Pothana,Kharif,150,5,100,161,107,142,60
Andhra Pradesh,Inceptisol,Rice,Pothana,Kharif,175,10,150,112,77,94,50
Andhra Pradesh,Inceptisol,Rice,Pothana,Kharif,175,10,150,150,96,124,60
Andhra Pradesh,Inceptisol,Rice,Pothana,Kharif,200,15,200,101,66,76,50
Andhra Pradesh,Inceptisol,Rice,Pothana,Kharif,200,15,200,139,86,106,60
Andhra Pradesh,Inceptisol,Rice,Pothana,Kharif,225,20,250,90,55,58,50
Andhra Pradesh,Inceptisol,Rice,Pothana,Kharif,225,20,250,128,75,88,60
Andhra Pradesh,Inceptisol,Rice,Pothana,Kharif,250,25,300,79,45,40,50
Andhra Pradesh,Inceptisol,Rice,Pothana,Kharif,250,25,300,114,65,70,60
Andhra Pradesh,Inceptisol,Rice,Pothana,Kharif,275,30,350,68,34,22,50
Andhra Pradesh,Inceptisol,Rice,Pothana,Kharif,275,30,350,106,54,52,60
Andhra Pradesh,Inceptisol,Rice,Pothana,Kharif,300,35,400,57,23,4,50
Andhra Pradesh,Inceptisol,Rice,Pothana,Kharif,300,35,400,95,44,34,60
Andhra Pradesh,Inceptisol,Rice,Pothana,Kharif,325,40,450,46,13,2,50
Andhra Pradesh,Inceptisol,Rice,Pothana,Kharif,325,40,450,84,33,16,60
Andhra Pradesh,Inceptisol,Rice,Pothana,Kharif,350,45,500,35,12,2,50
Andhra Pradesh,Inceptisol,Rice,Pothana,Kharif,350,45,500,73,23,15,60
Andhra Pradesh,Inceptisol,Rice,Pothana,Kharif,375,50,550,24,12,2,50
Andhra Pradesh,Inceptisol,Rice,Pothana,Kharif,375,50,550,62,12,15,60
Andhra Pradesh,Inceptisol,Rice,Pothana,Kharif,400,55,600,13,12,2,50
Andhra Pradesh,Inceptisol,Rice,Pothana,Kharif,400,55,600,51,2,15,60
Andhra Pradesh,Alluvial,Rice,MTU-2067,Kharif,200,10,200,63,86,71,55
Andhra Pradesh,Alluvial,Rice,MTU-2067,Kharif,200,10,200,74,96,82,60
Andhra Pradesh,Alluvial,Rice,MTU-2067,Kharif,225,15,250,55,77,57,55
Andhra Pradesh,Alluvial,Rice,MTU-2067,Kharif,225,15,250,66,86,69,60
Andhra Pradesh,Alluvial,Rice,MTU-2067,Kharif,250,20,300,47,67,44,55
Andhra Pradesh,Alluvial,Rice,MTU-2067,Kharif,250,20,300,58,77,55,60
Andhra Pradesh,Alluvial,Rice,MTU-2067,Kharif,275,25,350,39,58,30,55
Andhra Pradesh,Alluvial,Rice,MTU-2067,Kharif,275,25,350,50,67,42,60
Andhra Pradesh,Alluvial,Rice,MTU-2067,Kharif,300,30,400,31,48,17,55
Andhra Pradesh,Alluvial,Rice,MTU-2067,Kharif,300,30,400,42,58,28,60
Andhra Pradesh,Alluvial,Rice,MTU-2067,Kharif,325,35,450,23,39,3,55
Andhra Pradesh,Alluvial,Rice,MTU-2067,Kharif,325,35,450,34,48,15,60
Andhra Pradesh,Alluvial,Rice,MTU-2067,Kharif,350,40,500,15,29,2,55
Andhra Pradesh,Alluvial,Rice,MTU-2067,Kharif,350,40,500,26,39,15,60
Andhra Pradesh,Alluvial,Rice,MTU-2067,Kharif,375,45,550,15,20,2,55
Andhra Pradesh,Alluvial,Rice,MTU-2067,Kharif,375,45,550,18,29,15,60
Andhra Pradesh,Alluvial,Rice,MTU-2067,Kharif,400,50,600,15,10,2,55
Andhra Pradesh,Alluvial,Rice,MTU-2067,Kharif,400,50,600,10,20,15,60
Andhra Pradesh,Alluvial,Rice,MTU-2067,Kharif,425,55,650,15,10,2,55
Andhra Pradesh,Alluvial,Rice,MTU-2067,Kharif,425,55,650,2,10,15,60
Andhra Pradesh,Alluvial,Rice,MTU-2067,Kharif,450,60,700,15,10,2,55
Andhra Pradesh,Alluvial,Rice,MTU-2067,Kharif,450,60,700,2,10,15,60
Andhra Pradesh,Black Soil,Rice,MTU-5182,Kharif,150,10,200,152,106,50,60
Andhra Pradesh,Black Soil,Rice,MTU-5182,Kharif,150,10,200,185,131,63,70
Andhra Pradesh,Black Soil,Rice,MTU-5182,Kharif,175,15,250,143,83,44,60
Andhra Pradesh,Black Soil,Rice,MTU-5182,Kharif,175,15,250,177,108,57,70
Andhra Pradesh,Black Soil,Rice,MTU-5182,Kharif,200,20,300,135,61,38,60
Andhra Pradesh,Black Soil,Rice,MTU-5182,Kharif,200,20,300,169,86,51,70
Andhra Pradesh,Black Soil,Rice,MTU-5182,Kharif,225,25,350,127,38,32,60
Andhra Pradesh,Black Soil,Rice,MTU-5182,Kharif,225,25,350,160,63,45,70
Andhra Pradesh,Black Soil,Rice,MTU-5182,Kharif,250,30,400,119,15,26,60
Andhra Pradesh,Black Soil,Rice,MTU-5182,Kharif,250,30,400,152,41,39,70
Andhra Pradesh,Black Soil,Rice,MTU-5182,Kharif,275,35,450,110,15,20,60
Andhra Pradesh,Black Soil,Rice,MTU-5182,Kharif,275,35,450,144,18,33,70
Andhra Pradesh,Black Soil,Rice,MTU-5182,Kharif,300,40,500,102,15,14,60
Andhra Pradesh,Black Soil,Rice,MTU-5182,Kharif,300,40,500,136,15,27,70
Andhra Pradesh,Black Soil,Rice,MTU-5182,Kharif,325,45,550,94,15,8,60
Andhra Pradesh,Black Soil,Rice,MTU-5182,Kharif,325,45,550,127,15,21,70
Andhra Pradesh,Black Soil,Rice,MTU-5182,Kharif,350,50,600,86,15,2,60
Andhra Pradesh,Black Soil,Rice,MTU-5182,Kharif,350,50,600,119,15,15,70
Andhra Pradesh,Black Soil,Rice,MTU-5182,Kharif,375,55,650,77,15,2,60
Andhra Pradesh,Black Soil,Rice,MTU-5182,Kharif,375,55,650,111,15,15,70
Andhra Pradesh,Sandy Clay Foam,Rice,NLR-9672,Kharif,150,10,150,101,93,55,45
Andhra Pradesh,Sandy Clay Foam,Rice,NLR-9672,Kharif,150,10,150,118,105,65,50
Andhra Pradesh,Sandy Clay Foam,Rice,NLR-9672,Kharif,175,15,200,91,82,45,45
Andhra Pradesh,Sandy Clay Foam,Rice,NLR-9672,Kharif,175,15,200,109,95,55,50
Andhra Pradesh,Sandy Clay Foam,Rice,NLR-9672,Kharif,200,20,250,82,71,35,45
Andhra Pradesh,Sandy Clay Foam,Rice,NLR-9672,Kharif,200,20,250,100,84,45,50
Andhra Pradesh,Sandy Clay Foam,Rice,NLR-9672,Kharif,225,25,300,73,61,25,45
Andhra Pradesh,Sandy Clay Foam,Rice,NLR-9672,Kharif,225,25,300,90,74,35,50
Andhra Pradesh,Sandy Clay Foam,Rice,NLR-9672,Kharif,250,30,350,64,50,15,45
Andhra Pradesh,Sandy Clay Foam,Rice,NLR-9672,Kharif,250,30,350,81,63,25,50
Andhra Pradesh,Sandy Clay Foam,Rice,NLR-9672,Kharif,275,35,400,54,40,5,45
Andhra Pradesh,Sandy Clay Foam,Rice,NLR-9672,Kharif,275,35,400,72,52,15,50
Andhra Pradesh,Sandy Clay Foam,Rice,NLR-9672,Kharif,300,40,450,45,29,5,45
Andhra Pradesh,Sandy Clay Foam,Rice,NLR-9672,Kharif,300,40,450,63,42,5,50
Andhra Pradesh,Sandy Clay Foam,Rice,NLR-9672,Kharif,325,45,50,36,18,5,45
Andhra Pradesh,Sandy Clay Foam,Rice,NLR-9672,Kharif,325,45,50,53,31,5,50
Andhra Pradesh,Sandy Clay Foam,Rice,NLR-9672,Kharif,350,50,550,27,8,5,45
Andhra Pradesh,Sandy Clay Foam,Rice,NLR-9672,Kharif,350,50,550,44,20,5,50
Andhra Pradesh,Light Black Soil,Rice,Tellahamsa,Kharif,150,10,150,128,108,80,50
Andhra Pradesh,Light Black Soil,Rice,Tellahamsa,Kharif,150,10,150,149,122,91,55
Andhra Pradesh,Light Black Soil,Rice,Tellahamsa,Kharif,175,15,200,114,95,69,50
Andhra Pradesh,Light Black Soil,Rice,Tellahamsa,Kharif,175,15,200,135,108,80,55
Andhra Pradesh,Light Black Soil,Rice,Tellahamsa,Kharif,200,20,250,100,82,59,50
Andhra Pradesh,Light Black Soil,Rice,Tellahamsa,Kharif,200,20,250,121,94,70,55
Andhra Pradesh,Light Black Soil,Rice,Tellahamsa,Kharif,225,25,300,86,68,48,50
Andhra Pradesh,Light Black Soil,Rice,Tellahamsa,Kharif,225,25,300,108,81,59,55
Andhra Pradesh,Light Black Soil,Rice,Tellahamsa,Kharif,250,30,350,73,55,38,50
Andhra Pradesh,Light Black Soil,Rice,Tellahamsa,Kharif,250,30,350,94,67,49,55
Andhra Pradesh,Light Black Soil,Rice,Tellahamsa,Kharif,275,35,400,59,41,27,50
Andhra Pradesh,Light Black Soil,Rice,Tellahamsa,Kharif,275,35,400,80,53,38,55
Andhra Pradesh,Light Black Soil,Rice,Tellahamsa,Kharif,300,40,450,45,28,17,50
Andhra Pradesh,Light Black Soil,Rice,Tellahamsa,Kharif,300,40,450,66,39,28,55
Andhra Pradesh,Light Black Soil,Rice,Tellahamsa,Kharif,325,45,500,31,15,6,50
Andhra Pradesh,Light Black Soil,Rice,Tellahamsa,Kharif,325,45,500,53,26,17,55
Andhra Pradesh,Light Black Soil,Rice,Tellahamsa,Kharif,350,50,550,18,2,5,50
Andhra Pradesh,Light Black Soil,Rice,Tellahamsa,Kharif,350,50,550,39,12,7,55
Andhra Pradesh,Light Black Soil,Rice,Tellahamsa,Kharif,375,55,600,4,0,5,50
Andhra Pradesh,Light Black Soil,Rice,Tellahamsa,Kharif,375,55,600,25,10,7,55
Andhra Pradesh,Light Black Soil,Rice,Tellahamsa,Kharif,400,60,650,4,0,5,50
Andhra Pradesh,Light Black Soil,Rice,Tellahamsa,Kharif,400,60,650,12,10,7,55
Andhra Pradesh,Black Soil,Rice,Pothana,Kharif,150,10,150,125,96,77,50
Andhra Pradesh,Black Soil,Rice,Pothana,Kharif,150,10,150,149,109,87,55
Andhra Pradesh,Black Soil,Rice,Pothana,Kharif,175,15,200,106,75,70,50
Andhra Pradesh,Black Soil,Rice,Pothana,Kharif,175,15,200,130,88,79,55
Andhra Pradesh,Black Soil,Rice,Pothana,Kharif,200,20,250,88,54,62,50
Andhra Pradesh,Black Soil,Rice,Pothana,Kharif,200,20,250,111,67,72,55
Andhra Pradesh,Black Soil,Rice,Pothana,Kharif,225,25,300,69,33,55,50
Andhra Pradesh,Black Soil,Rice,Pothana,Kharif,225,25,300,93,46,64,55
Andhra Pradesh,Black Soil,Rice,Pothana,Kharif,250,30,350,50,12,48,50
Andhra Pradesh,Black Soil,Rice,Pothana,Kharif,250,30,350,74,25,57,55
Andhra Pradesh,Black Soil,Rice,Pothana,Kharif,275,35,400,31,10,40,50
Andhra Pradesh,Black Soil,Rice,Pothana,Kharif,275,35,400,55,4,49,55
Andhra Pradesh,Black Soil,Rice,Pothana,Kharif,300,40,450,12,10,33,50
Andhra Pradesh,Black Soil,Rice,Pothana,Kharif,300,40,450,36,2,42,55
Andhra Pradesh,Black Soil,Rice,Pothana,Kharif,325,45,500,10,10,25,50
Andhra Pradesh,Black Soil,Rice,Pothana,Kharif,325,45,500,17,2,34,55
Andhra Pradesh,Black Soil,Rice,Pothana,Kharif,350,50,550,10,10,18,50
Andhra Pradesh,Black Soil,Rice,Pothana,Kharif,350,50,550,15,2,27,55
Andhra Pradesh,Black Soil,Rice,Pothana,Kharif,375,55,600,10,10,10,50
Andhra Pradesh,Black Soil,Rice,Pothana,Kharif,375,55,600,15,2,19,55
Andhra Pradesh,Black Soil,Rice,Pothana,Kharif,400,60,650,10,10,3,50
Andhra Pradesh,Black Soil,Rice,Pothana,Kharif,400,60,650,15,2,12,55
Andhra Pradesh,Black Soil,Rice,Tellahamsa,Rabi,150,10,200,122,108,46,50
Andhra Pradesh,Black Soil,Rice,Tellahamsa,Rabi,150,10,200,150,131,60,55
Andhra Pradesh,Black Soil,Rice,Tellahamsa,Rabi,175,15,250,114,93,38,50
Andhra Pradesh,Black Soil,Rice,Tellahamsa,Rabi,175,15,250,142,116,51,55
Andhra Pradesh,Black Soil,Rice,Tellahamsa,Rabi,200,20,300,106,78,29,50
Andhra Pradesh,Black Soil,Rice,Tellahamsa,Rabi,200,20,300,134,101,43,55
Andhra Pradesh,Black Soil,Rice,Tellahamsa,Rabi,225,25,350,98,63,21,50
Andhra Pradesh,Black Soil,Rice,Tellahamsa,Rabi,225,25,350,126,86,34,55
Andhra Pradesh,Black Soil,Rice,Tellahamsa,Rabi,250,30,400,90,48,12,50
Andhra Pradesh,Black Soil,Rice,Tellahamsa,Rabi,250,30,400,118,71,26,55
Andhra Pradesh,Black Soil,Rice,Tellahamsa,Rabi,275,35,450,82,33,4,50
Andhra Pradesh,Black Soil,Rice,Tellahamsa,Rabi,275,35,450,110,56,17,55
Andhra Pradesh,Black Soil,Rice,Tellahamsa,Rabi,300,40,500,74,18,0,50
Andhra Pradesh,Black Soil,Rice,Tellahamsa,Rabi,300,40,500,102,41,8,55
Andhra Pradesh,Black Soil,Rice,Tellahamsa,Rabi,325,45,550,66,3,0,50
Andhra Pradesh,Black Soil,Rice,Tellahamsa,Rabi,325,45,550,94,26,0,55
Andhra Pradesh,Black Soil,Rice,Tellahamsa,Rabi,350,50,600,58,0,0,50
Andhra Pradesh,Black Soil,Rice,Tellahamsa,Rabi,350,50,600,86,11,0,55
Andhra Pradesh,Alluvial,Rice,NLR 33057,Rabi,150,10,150,127,75,74,45
Andhra Pradesh,Alluvial,Rice,NLR 33057,Rabi,150,10,150,150,85,86,50
Andhra Pradesh,Alluvial,Rice,NLR 33057,Rabi,175,15,200,115,65,64,45
Andhra Pradesh,Alluvial,Rice,NLR 33057,Rabi,175,15,200,137,75,76,50
Andhra Pradesh,Alluvial,Rice,NLR 33057,Rabi,200,20,250,102,54,53,45
Andhra Pradesh,Alluvial,Rice,NLR 33057,Rabi,200,20,250,125,65,65,50
Andhra Pradesh,Alluvial,Rice,NLR 33057,Rabi,225,25,300,89,44,43,45
Andhra Pradesh,Alluvial,Rice,NLR 33057,Rabi,225,25,300,112,55,55,50
Andhra Pradesh,Alluvial,Rice,NLR 33057,Rabi,250,30,350,76,34,32,45
Andhra Pradesh,Alluvial,Rice,NLR 33057,Rabi,250,30,350,99,44,44,50
Andhra Pradesh,Alluvial,Rice,NLR 33057,Rabi,275,35,400,64,23,22,45
Andhra Pradesh,Alluvial,Rice,NLR 33057,Rabi,275,35,400,86,34,34,50
Andhra Pradesh,Alluvial,Rice,NLR 33057,Rabi,300,40,450,51,13,12,45
Andhra Pradesh,Alluvial,Rice,NLR 33057,Rabi,300,40,450,74,24,23,50
Andhra Pradesh,Alluvial,Rice,NLR 33057,Rabi,325,45,50,38,3,2,45
Andhra Pradesh,Alluvial,Rice,NLR 33057,Rabi,325,45,50,61,13,13,50
Andhra Pradesh,Alluvial,Rice,NLR 33057,Rabi,350,50,550,25,2,2,45
Andhra Pradesh,Alluvial,Rice,NLR 33057,Rabi,350,50,550,48,3,2,50
Andhra Pradesh,Alluvial,Rice,NLR 33057,Rabi,375,55,600,12,2,2,45
Andhra Pradesh,Alluvial,Rice,NLR 33057,Rabi,375,55,600,35,2,2,50
Andhra Pradesh,Alluvial,Rice,NLR 33057,Rabi,400,60,650,12,2,2,45
Andhra Pradesh,Alluvial,Rice,NLR 33057,Rabi,400,60,650,35,2,2,50
Andhra Pradesh,Alluvial,Rice,IR-64,Rabi,200,10,200,130,118,95,70
Andhra Pradesh,Alluvial,Rice,IR-64,Rabi,200,10,200,156,138,115,80
Andhra Pradesh,Alluvial,Rice,IR-64,Rabi,225,15,250,123,108,85,70
Andhra Pradesh,Alluvial,Rice,IR-64,Rabi,225,15,250,149,128,101,80
Andhra Pradesh,Alluvial,Rice,IR-64,Rabi,250,20,300,116,97,74,70
Andhra Pradesh,Alluvial,Rice,IR-64,Rabi,250,20,300,142,117,94,80
Andhra Pradesh,Alluvial,Rice,IR-64,Rabi,275,25,350,109,86,64,70
Andhra Pradesh,Alluvial,Rice,IR-64,Rabi,275,25,350,135,106,85,80
Andhra Pradesh,Alluvial,Rice,IR-64,Rabi,300,30,400,102,75,53,70
Andhra Pradesh,Alluvial,Rice,IR-64,Rabi,300,30,400,128,95,75,80
Andhra Pradesh,Alluvial,Rice,IR-64,Rabi,325,35,450,95,64,43,70
Andhra Pradesh,Alluvial,Rice,IR-64,Rabi,325,35,450,121,84,66,80
Andhra Pradesh,Alluvial,Rice,IR-64,Rabi,350,40,500,88,54,32,70
Andhra Pradesh,Alluvial,Rice,IR-64,Rabi,350,40,500,114,74,56,80
Andhra Pradesh,Alluvial,Rice,IR-64,Rabi,375,45,550,81,43,22,70
Andhra Pradesh,Alluvial,Rice,IR-64,Rabi,375,45,550,107,63,47,80
Andhra Pradesh,Alluvial,Rice,IR-64,Rabi,400,50,600,74,32,11,70
Andhra Pradesh,Alluvial,Rice,IR-64,Rabi,400,50,600,100,52,37,80
Andhra Pradesh,Alluvial,Rice,IR-64,Rabi,425,55,650,67,21,10,70
Andhra Pradesh,Alluvial,Rice,IR-64,Rabi,425,55,650,93,41,28,80
Andhra Pradesh,Alluvial,Rice,IR-64,Rabi,450,60,700,60,10,10,70
Andhra Pradesh,Alluvial,Rice,IR-64,Rabi,450,60,700,86,30,18,80
Andhra Pradesh,Chalka Soil,Rice,Tellahamsa,Rabi,150,10,150,139,65,67,70
Andhra Pradesh,Chalka Soil,Rice,Tellahamsa,Rabi,150,10,150,155,73,75,80
Andhra Pradesh,Chalka Soil,Rice,Tellahamsa,Rabi,175,15,200,132,56,59,70
Andhra Pradesh,Chalka Soil,Rice,Tellahamsa,Rabi,175,15,200,148,64,67,80
Andhra Pradesh,Chalka Soil,Rice,Tellahamsa,Rabi,200,20,250,126,47,51,70
Andhra Pradesh,Chalka Soil,Rice,Tellahamsa,Rabi,200,20,250,142,55,59,80
Andhra Pradesh,Chalka Soil,Rice,Tellahamsa,Rabi,225,25,300,119,38,43,70
Andhra Pradesh,Chalka Soil,Rice,Tellahamsa,Rabi,225,25,300,135,46,51,80
Andhra Pradesh,Chalka Soil,Rice,Tellahamsa,Rabi,250,30,350,113,29,35,70
Andhra Pradesh,Chalka Soil,Rice,Tellahamsa,Rabi,250,30,350,129,37,43,80
Andhra Pradesh,Chalka Soil,Rice,Tellahamsa,Rabi,275,35,400,106,20,27,70
Andhra Pradesh,Chalka Soil,Rice,Tellahamsa,Rabi,275,35,400,122,28,35,80
Andhra Pradesh,Chalka Soil,Rice,Tellahamsa,Rabi,300,40,450,100,11,19,70
Andhra Pradesh,Chalka Soil,Rice,Tellahamsa,Rabi,300,40,450,116,19,27,80
Andhra Pradesh,Chalka Soil,Rice,Tellahamsa,Rabi,325,45,500,93,2,11,70
Andhra Pradesh,Chalka Soil,Rice,Tellahamsa,Rabi,325,45,500,109,10,19,80
Andhra Pradesh,Chalka Soil,Rice,Tellahamsa,Rabi,350,50,550,87,2,3,70
Andhra Pradesh,Chalka Soil,Rice,Tellahamsa,Rabi,350,50,550,103,1,11,80
Andhra Pradesh,Chalka Soil,Rice,Tellahamsa,Rabi,375,55,600,80,2,2,70
Andhra Pradesh,Chalka Soil,Rice,Tellahamsa,Rabi,375,55,600,96,2,3,80
Andhra Pradesh,Chalka Soil,Rice,Tellahamsa,Rabi,400,60,650,74,2,2,70
Andhra Pradesh,Chalka Soil,Rice,Tellahamsa,Rabi,400,60,650,90,2,2,80
Andhra Pradesh,Light Black Soil,Rice,Tellahamsa,Rabi,150,10,150,129,78,65,60
Andhra Pradesh,Light Black Soil,Rice,Tellahamsa,Rabi,150,10,150,165,95,80,70
Andhra Pradesh,Light Black Soil,Rice,Tellahamsa,Rabi,175,15,200,115,66,57,60
Andhra Pradesh,Light Black Soil,Rice,Tellahamsa,Rabi,175,15,200,151,83,72,70
Andhra Pradesh,Light Black Soil,Rice,Tellahamsa,Rabi,200,20,250,101,53,49,60
Andhra Pradesh,Light Black Soil,Rice,Tellahamsa,Rabi,200,20,250,137,71,64,70
Andhra Pradesh,Light Black Soil,Rice,Tellahamsa,Rabi,225,25,300,87,41,41,60
Andhra Pradesh,Light Black Soil,Rice,Tellahamsa,Rabi,225,25,300,122,58,56,70
Andhra Pradesh,Light Black Soil,Rice,Tellahamsa,Rabi,250,30,350,72,29,33,60
Andhra Pradesh,Light Black Soil,Rice,Tellahamsa,Rabi,250,30,350,108,46,48,70
Andhra Pradesh,Light Black Soil,Rice,Tellahamsa,Rabi,275,35,400,58,17,25,60
Andhra Pradesh,Light Black Soil,Rice,Tellahamsa,Rabi,275,35,400,94,34,40,70
Andhra Pradesh,Light Black Soil,Rice,Tellahamsa,Rabi,300,40,450,44,4,15,60
Andhra Pradesh,Light Black Soil,Rice,Tellahamsa,Rabi,300,40,450,80,21,32,70
Andhra Pradesh,Light Black Soil,Rice,Tellahamsa,Rabi,325,45,500,30,2,7,60
Andhra Pradesh,Light Black Soil,Rice,Tellahamsa,Rabi,325,45,500,65,9,24,70
Andhra Pradesh,Light Black Soil,Rice,Tellahamsa,Rabi,350,50,550,15,2,5,60
Andhra Pradesh,Light Black Soil,Rice,Tellahamsa,Rabi,350,50,550,51,9,16,70
Andhra Pradesh,Light Black Soil,Rice,Tellahamsa,Rabi,375,55,600,10,2,5,60
Andhra Pradesh,Light Black Soil,Rice,Tellahamsa,Rabi,375,55,600,37,9,8,70
Andhra Pradesh,Light Black Soil,Rice,Tellahamsa,Rabi,400,60,650,10,2,5,60
Andhra Pradesh,Light Black Soil,Rice,Tellahamsa,Rabi,400,60,650,23,9,8,70
Andhra Pradesh,Black Soil,Rice,Pothana,Rabi,150,10,150,143,111,64,55
Andhra Pradesh,Black Soil,Rice,Pothana,Rabi,150,10,150,163,124,79,60
Andhra Pradesh,Black Soil,Rice,Pothana,Rabi,175,15,200,130,93,60,55
Andhra Pradesh,Black Soil,Rice,Pothana,Rabi,175,15,200,151,106,75,60
Andhra Pradesh,Black Soil,Rice,Pothana,Rabi,200,20,250,118,75,56,55
Andhra Pradesh,Black Soil,Rice,Pothana,Rabi,200,20,250,138,87,71,60
Andhra Pradesh,Black Soil,Rice,Pothana,Rabi,225,25,300,106,58,52,55
Andhra Pradesh,Black Soil,Rice,Pothana,Rabi,225,25,300,126,71,67,60
Andhra Pradesh,Black Soil,Rice,Pothana,Rabi,250,30,350,93,40,48,55
Andhra Pradesh,Black Soil,Rice,Pothana,Rabi,250,30,350,113,53,63,60
Andhra Pradesh,Black Soil,Rice,Pothana,Rabi,275,35,400,81,23,44,55
Andhra Pradesh,Black Soil,Rice,Pothana,Rabi,275,35,400,101,36,59,60
Andhra Pradesh,Black Soil,Rice,Pothana,Rabi,300,40,450,68,5,40,55
Andhra Pradesh,Black Soil,Rice,Pothana,Rabi,300,40,450,88,18,55,60
Andhra Pradesh,Black Soil,Rice,Pothana,Rabi,325,45,500,56,5,36,55
Andhra Pradesh,Black Soil,Rice,Pothana,Rabi,325,45,500,76,15,51,60
Andhra Pradesh,Black Soil,Rice,Pothana,Rabi,350,50,550,43,5,32,55
Andhra Pradesh,Black Soil,Rice,Pothana,Rabi,350,50,550,63,15,47,60
Andhra Pradesh,Black Soil,Rice,Pothana,Rabi,375,55,600,31,5,28,55
Andhra Pradesh,Black Soil,Rice,Pothana,Rabi,375,55,600,51,15,43,60
Andhra Pradesh,Black Soil,Rice,Pothana,Rabi,400,60,650,18,5,24,55
Andhra Pradesh,Black Soil,Rice,Pothana,Rabi,400,60,650,38,15,39,60
New Delhi,Typic Haplustept,Rice,Generic,Kharif,100,10,100,200,120,95,50
New Delhi,Typic Haplustept,Rice,Generic,Kharif,100,10,100,250,120,120,60
New Delhi,Typic Haplustept,Rice,Generic,Kharif,125,13,125,190,120,90,50
New Delhi,Typic Haplustept,Rice,Generic,Kharif,125,13,125,235,120,115,60
New Delhi,Typic Haplustept,Rice,Generic,Kharif,150,15,150,175,105,85,50
New Delhi,Typic Haplustept,Rice,Generic,Kharif,150,15,150,225,120,105,60
New Delhi,Typic Haplustept,Rice,Generic,Kharif,175,18,175,165,85,80,50
New Delhi,Typic Haplustept,Rice,Generic,Kharif,175,18,175,215,120,100,60
New Delhi,Typic Haplustept,Rice,Generic,Kharif,200,20,200,155,70,75,50
New Delhi,Typic Haplustept,Rice,Generic,Kharif,200,20,200,200,115,95,60
New Delhi,Typic Haplustept,Rice,Generic,Kharif,225,23,225,140,50,70,50
New Delhi,Typic Haplustept,Rice,Generic,Kharif,225,23,225,190,95,90,60
New Delhi,Typic Haplustept,Rice,Generic,Kharif,250,25,250,130,30,65,50
New Delhi,Typic Haplustept,Rice,Generic,Kharif,250,25,250,180,75,85,60
New Delhi,Typic Haplustept,Rice,Generic,Kharif,275,28,275,120,10,60,50
New Delhi,Typic Haplustept,Rice,Generic,Kharif,275,28,275,165,55,80,60
New Delhi,Typic Haplustept,Rice,Generic,Kharif,300,30,300,105,10,55,50
New Delhi,Typic Haplustept,Rice,Generic,Kharif,300,30,300,155,35,75,60
New Delhi,Typic Haplustept,Rice,Generic,Kharif,325,33,325,95,10,50,50
New Delhi,Typic Haplustept,Rice,Generic,Kharif,325,33,325,145,15,70,60
New Delhi,Typic Haplustept,Rice,Generic,Kharif,350,36,350,85,10,45,50
New Delhi,Typic Haplustept,Rice,Generic,Kharif,350,36,350,130,15,65,60
New Delhi,Typic Haplustept,Rice,Generic,Kharif,375,38,375,70,10,35,50
New Delhi,Typic Haplustept,Rice,Generic,Kharif,375,38,375,120,15,60,60
Bihar,Red Loam Soil,Rice,Generic,Kharif,120,4,60,88,62,51,25
Bihar,Red Loam Soil,Rice,Generic,Kharif,120,4,60,118,76,70,30
Bihar,Red Loam Soil,Rice,Generic,Kharif,130,6,70,82,58,44,25
Bihar,Red Loam Soil,Rice,Generic,Kharif,130,6,70,113,72,63,30
Bihar,Red Loam Soil,Rice,Generic,Kharif,140,8,80,77,53,37,25
Bihar,Red Loam Soil,Rice,Generic,Kharif,140,8,80,107,68,56,30
Bihar,Red Loam Soil,Rice,Generic,Kharif,150,10,90,71,49,30,25
Bihar,Red Loam Soil,Rice,Generic,Kharif,150,10,90,102,63,49,30
Bihar,Red Loam Soil,Rice,Generic,Kharif,160,12,100,66,45,23,25
Bihar,Red Loam Soil,Rice,Generic,Kharif,160,12,100,96,59,42,30
Bihar,Red Loam Soil,Rice,Generic,Kharif,170,14,110,60,41,16,25
Bihar,Red Loam Soil,Rice,Generic,Kharif,170,14,110,91,55,35,30
Bihar,Red Loam Soil,Rice,Generic,Kharif,180,16,120,55,36,10,25
Bihar,Red Loam Soil,Rice,Generic,Kharif,180,16,120,85,50,28,30
Bihar,Red Loam Soil,Rice,Generic,Kharif,190,18,130,49,32,10,25
Bihar,Red Loam Soil,Rice,Generic,Kharif,190,18,130,80,46,21,30
Bihar,Red Loam Soil,Rice,Generic,Kharif,200,20,140,44,28,10,25
Bihar,Red Loam Soil,Rice,Generic,Kharif,200,20,140,74,42,14,30
Bihar,Red Loam Soil,Rice,Generic,Kharif,210,22,150,38,23,10,25
Bihar,Red Loam Soil,Rice,Generic,Kharif,210,22,150,69,37,10,30
Bihar,Red Loam Soil,Rice,Generic,Kharif,220,24,160,33,19,10,25
Bihar,Red Loam Soil,Rice,Generic,Kharif,220,24,160,63,33,10,30
Bihar,Red Loam Soil,Rice,Generic,Kharif,230,26,170,25,15,10,25
Bihar,Red Loam Soil,Rice,Generic,Kharif,230,26,170,58,29,10,30
Bihar,Red Loam Soil,Rice,Generic,Kharif,240,28,180,25,15,10,25
Bihar,Red Loam Soil,Rice,Generic,Kharif,240,28,180,52,24,10,30
Bihar,Red Loam Soil,Rice,Generic,Kharif,250,30,190,25,15,10,25
Bihar,Red Loam Soil,Rice,Generic,Kharif,250,30,190,47,20,10,30
West Bengal,Inceptisol,Rice,IET-4094,Kharif,250,5,100,111,84,87,3.5
West Bengal,Inceptisol,Rice,IET-4094,Kharif,250,5,100,129,98,90,4
West Bengal,Inceptisol,Rice,IET-4094,Kharif,275,10,150,102,84,87,3.5
West Bengal,Inceptisol,Rice,IET-4094,Kharif,275,10,150,120,98,90,4
West Bengal,Inceptisol,Rice,IET-4094,Kharif,300,15,200,93,84,87,3.5
West Bengal,Inceptisol,Rice,IET-4094,Kharif,300,15,200,111,98,90,4
West Bengal,Inceptisol,Rice,IET-4094,Kharif,325,20,250,84,84,87,3.5
West Bengal,Inceptisol,Rice,IET-4094,Kharif,325,20,250,102,94,90,4
West Bengal,Inceptisol,Rice,IET-4094,Kharif,350,25,300,76,80,87,3.5
West Bengal,Inceptisol,Rice,IET-4094,Kharif,350,25,300,94,89,100,4
West Bengal,Inceptisol,Rice,IET-4094,Kharif,375,30,350,67,75,77,3.5
West Bengal,Inceptisol,Rice,IET-4094,Kharif,375,30,350,85,85,90,4
West Bengal,Inceptisol,Borp Rice,IET-4789,Boro,250,5,100,117,90,71,55
West Bengal,Inceptisol,Borp Rice,IET-4789,Boro,250,5,100,139,99,80,60
West Bengal,Inceptisol,Borp Rice,IET-4789,Boro,275,10,150,103,85,61,55
West Bengal,Inceptisol,Borp Rice,IET-4789,Boro,275,10,150,126,94,69,60
West Bengal,Inceptisol,Borp Rice,IET-4789,Boro,300,15,200,90,80,50,55
West Bengal,Inceptisol,Borp Rice,IET-4789,Boro,300,15,200,113,89,59,60
West Bengal,Inceptisol,Borp Rice,IET-4789,Boro,325,20,250,77,75,40,55
West Bengal,Inceptisol,Borp Rice,IET-4789,Boro,325,20,250,100,83,48,60
West Bengal,Inceptisol,Borp Rice,IET-4789,Boro,350,25,300,64,69,29,55
West Bengal,Inceptisol,Borp Rice,IET-4789,Boro,350,25,300,86,78,38,60
West Bengal,Inceptisol,Borp Rice,IET-4789,Boro,375,30,350,50,64,19,55
West Bengal,Inceptisol,Borp Rice,IET-4789,Boro,375,30,350,73,73,27,60
Maharashtra,Typic Haplustert,Sugarcane,Adsali,autun-spring,100,6,200,612,256,252,175
Maharashtra,Typic Haplustert,Sugarcane,Adsali,autun-spring,100,6,200,722,297,298,200
Maharashtra,Typic Haplustert,Sugarcane,Adsali,autun-spring,120,8,300,581,247,215,175
Maharashtra,Typic Haplustert,Sugarcane,Adsali,autun-spring,120,8,300,691,288,261,200
Maharashtra,Typic Haplustert,Sugarcane,Adsali,autun-spring,140,10,400,550,238,178,175
Maharashtra,Typic Haplustert,Sugarcane,Adsali,autun-spring,140,10,400,660,278,224,200
Maharashtra,Typic Haplustert,Sugarcane,Adsali,autun-spring,160,12,500,519,229,141,175
Maharashtra,Typic Haplustert,Sugarcane,Adsali,autun-spring,160,12,500,628,269,187,200
Maharashtra,Typic Haplustert,Sugarcane,Adsali,autun-spring,180,14,600,487,220,104,175
Maharashtra,Typic Haplustert,Sugarcane,Adsali,autun-spring,180,14,600,597,260,150,200
Maharashtra,Typic Haplustert,Sugarcane,Adsali,autun-spring,200,16,700,456,211,67,175
Maharashtra,Typic Haplustert,Sugarcane,Adsali,autun-spring,200,16,700,566,251,113,200
Maharashtra,Vertic Ustropept,Sorghum,CSH-9,Kharif,100,6,200,87,47,90,40
Maharashtra,Vertic Ustropept,Sorghum,CSH-9,Kharif,100,6,200,110,58,106,45
Maharashtra,Vertic Ustropept,Sorghum,CSH-9,Kharif,120,8,300,68,33,68,40
Maharashtra,Vertic Ustropept,Sorghum,CSH-9,Kharif,120,8,300,91,44,84,45
Maharashtra,Vertic Ustropept,Sorghum,CSH-9,Kharif,140,10,400,49,19,46,40
Maharashtra,Vertic Ustropept,Sorghum,CSH-9,Kharif,140,10,400,72,30,62,45
Maharashtra,Vertic Ustropept,Sorghum,CSH-9,Kharif,160,12,500,30,25,24,40
Maharashtra,Vertic Ustropept,Sorghum,CSH-9,Kharif,160,12,500,52,16,40,45
Maharashtra,Vertic Ustropept,Sorghum,CSH-9,Kharif,180,14,600,10,25,25,40
Maharashtra,Vertic Ustropept,Sorghum,CSH-9,Kharif,180,14,600,33,25,18,45
Maharashtra,Vertic Ustropept,Sorghum,CSH-9,Kharif,200,14,700,25,25,25,40
Maharashtra,Vertic Ustropept,Sorghum,CSH-9,Kharif,200,14,700,14,25,25,45
Maharashtra,Typic Haplustert,Sorghum,CSH-8 R,Rabi,100,6,200,158,74,102,50
Maharashtra,Typic Haplustert,Sorghum,CSH-8 R,Rabi,100,6,200,205,94,135,60
Maharashtra,Typic Haplustert,Sorghum,CSH-8 R,Rabi,120,8,250,143,66,85,50
Maharashtra,Typic Haplustert,Sorghum,CSH-8 R,Rabi,120,8,250,190,86,119,60
Maharashtra,Typic Haplustert,Sorghum,CSH-8 R,Rabi,140,10,300,127,57,69,50
Maharashtra,Typic Haplustert,Sorghum,CSH-8 R,Rabi,140,10,300,174,77,102,60
Maharashtra,Typic Haplustert,Sorghum,CSH-8 R,Rabi,160,12,350,112,49,52,50
Maharashtra,Typic Haplustert,Sorghum,CSH-8 R,Rabi,160,12,350,159,69,86,60
Maharashtra,Typic Haplustert,Sorghum,CSH-8 R,Rabi,180,14,400,96,40,36,50
Maharashtra,Typic Haplustert,Sorghum,CSH-8 R,Rabi,180,14,400,143,60,69,60
Maharashtra,Typic Haplustert,Sorghum,CSH-8 R,Rabi,200,16,450,81,31,19,50
Maharashtra,Typic Haplustert,Sorghum,CSH-8 R,Rabi,200,16,450,128,51,53,60
Maharashtra,Typic Haplustert,Sorghum,CSH-8 R,Rabi,220,18,500,66,23,25,50
Maharashtra,Typic Haplustert,Sorghum,CSH-8 R,Rabi,220,18,500,113,43,36,60
Maharashtra,Typic Haplustert,Sorghum,CSH-8 R,Rabi,240,20,500,50,14,25,50
Maharashtra,Typic Haplustert,Sorghum,CSH-8 R,Rabi,240,20,500,97,34,25,60
Maharashtra,Typic Haplustept,Finger Millet,Nagli RAU-8,-,100,6,200,30,28,10,12
Maharashtra,Typic Haplustept,Finger Millet,Nagli RAU-8,-,100,6,200,57,45,17,18
Maharashtra,Typic Haplustept,Finger Millet,Nagli RAU-8,-,120,8,300,26,25,25,12
Maharashtra,Typic Haplustept,Finger Millet,Nagli RAU-8,-,120,8,300,52,43,15,18
Maharashtra,Typic Haplustept,Finger Millet,Nagli RAU-8,-,140,10,400,21,22,25,12
Maharashtra,Typic Haplustept,Finger Millet,Nagli RAU-8,-,140,10,400,48,40,25,18
Maharashtra,Typic Haplustept,Finger Millet,Nagli RAU-8,-,160,12,500,17,20,25,12
Maharashtra,Typic Haplustept,Finger Millet,Nagli RAU-8,-,160,12,500,43,37,25,18
Maharashtra,Typic Haplustept,Finger Millet,Nagli RAU-8,-,180,14,600,25,17,25,12
Maharashtra,Typic Haplustept,Finger Millet,Nagli RAU-8,-,180,14,600,39,35,25,18
Maharashtra,Typic Haplustept,Finger Millet,Nagli RAU-8,-,200,16,700,25,14,25,12
Maharashtra,Typic Haplustept,Finger Millet,Nagli RAU-8,-,200,16,700,34,32,25,18
Maharashtra,Typic Haplustert,Fodder Maize,African tall,Summer,100,6,200,203.6,56.02,72,40
Maharashtra,Typic Haplustert,Fodder Maize,African tall,Summer,100,6,200,268.5,71.12,96.5,50
Maharashtra,Typic Haplustert,Fodder Maize,African tall,Summer,120,8,300,192.4,54.56,59,40
Maharashtra,Typic Haplustert,Fodder Maize,African tall,Summer,120,8,300,257.3,69.66,83.5,50
Maharashtra,Typic Haplustert,Fodder Maize,African tall,Summer,140,10,400,181.2,53.1,46,40
Maharashtra,Typic Haplustert,Fodder Maize,African tall,Summer,140,10,400,246.1,68.2,70.5,50
Maharashtra,Typic Haplustert,Fodder Maize,African tall,Summer,160,12,500,170,51.64,33,40
Maharashtra,Typic Haplustert,Fodder Maize,African tall,Summer,160,12,500,234.9,66.74,57.5,50
Maharashtra,Typic Haplustert,Fodder Maize,African tall,Summer,180,14,600,158.8,50.18,20,40
Maharashtra,Typic Haplustert,Fodder Maize,African tall,Summer,180,14,600,223.7,65.28,44.5,50
Maharashtra,Typic Haplustert,Fodder Maize,African tall,Summer,200,16,700,147.6,48.72,25,40
Maharashtra,Typic Haplustert,Fodder Maize,African tall,Summer,200,16,700,215.5,63.82,31.5,50
Maharashtra,Typic Haplustert,Cotton,RHR-253,Kharif,100,6,250,187,119,126,20
Maharashtra,Typic Haplustert,Cotton,RHR-253,Kharif,100,6,250,239,146,160,24
Maharashtra,Typic Haplustert,Cotton,RHR-253,Kharif,120,10,300,172,108,117,20
Maharashtra,Typic Haplustert,Cotton,RHR-253,Kharif,120,10,300,224,135,151,24
Maharashtra,Typic Haplustert,Cotton,RHR-253,Kharif,140,14,350,157,96,108,20
Maharashtra,Typic Haplustert,Cotton,RHR-253,Kharif,140,14,350,209,124,142,24
Maharashtra,Typic Haplustert,Cotton,RHR-253,Kharif,160,18,400,142,85,99,20
Maharashtra,Typic Haplustert,Cotton,RHR-253,Kharif,160,18,400,194,112,133,24
Maharashtra,Typic Haplustert,Cotton,RHR-253,Kharif,180,22,450,127,68,90,20
Maharashtra,Typic Haplustert,Cotton,RHR-253,Kharif,180,22,450,179,95,124,24
Maharashtra,Typic Haplustert,Cotton,RHR-253,Kharif,200,26,500,112,57,81,20
Maharashtra,Typic Haplustert,Cotton,RHR-253,Kharif,200,26,500,164,84,115,24
Maharashtra,Typic Haplustert,Cotton,RHR-253,Kharif,220,30,550,97,45,72,20
Maharashtra,Typic Haplustert,Cotton,RHR-253,Kharif,220,30,550,149,73,106,24
Maharashtra,Typic Haplustert,Cotton,RHR-253,Kharif,240,34,600,82,34,63,20
Maharashtra,Typic Haplustert,Cotton,RHR-253,Kharif,240,34,600,139,61,97,24
Maharashtra,Typic Haplustert,Cotton,RHR-253,Kharif,100,6,250,187,119,126,20
Maharashtra,Typic Haplustert,Cotton,RHR-253,Kharif,100,6,250,239,146,160,24
Maharashtra,Typic Haplustert,Cotton,RHR-253,Kharif,120,10,300,172,108,117,20
Maharashtra,Typic Haplustert,Cotton,RHR-253,Kharif,120,10,300,224,135,151,24
Maharashtra,Typic Haplustert,Cotton,RHR-253,Kharif,140,14,350,157,96,108,20
Maharashtra,Typic Haplustert,Cotton,RHR-253,Kharif,140,14,350,209,124,142,24
Maharashtra,Typic Haplustert,Cotton,RHR-253,Kharif,160,18,400,142,85,99,20
Maharashtra,Typic Haplustert,Cotton,RHR-253,Kharif,160,18,400,194,112,133,24
Maharashtra,Typic Haplustert,Cotton,RHR-253,Kharif,180,22,450,127,68,90,20
Maharashtra,Typic Haplustert,Cotton,RHR-253,Kharif,180,22,450,179,95,124,24
Maharashtra,Typic Haplustert,Cotton,RHR-253,Kharif,200,26,500,112,57,81,20
Maharashtra,Typic Haplustert,Cotton,RHR-253,Kharif,200,26,500,164,84,115,24
Maharashtra,Typic Haplustert,Cotton,RHR-253,Kharif,220,30,550,97,45,72,20
Maharashtra,Typic Haplustert,Cotton,RHR-253,Kharif,220,30,550,149,73,106,24
Maharashtra,Typic Haplustert,Cotton,RHR-253,Kharif,240,34,600,82,34,63,20
Maharashtra,Typic Haplustert,Cotton,RHR-253,Kharif,240,34,600,139,61,97,24
Maharashtra,Vertic Haplustert,Sugarcane,Co 86032,Seasonal,100,6,200,342,115,231,100
Maharashtra,Vertic Haplustert,Sugarcane,Co 86032,Seasonal,100,6,200,437,140,286,120
Maharashtra,Vertic Haplustert,Sugarcane,Co 86032,Seasonal,120,8,300,315,112,210,100
Maharashtra,Vertic Haplustert,Sugarcane,Co 86032,Seasonal,120,8,300,410,136,265,120
Maharashtra,Vertic Haplustert,Sugarcane,Co 86032,Seasonal,140,10,400,288,109,181,100
Maharashtra,Vertic Haplustert,Sugarcane,Co 86032,Seasonal,140,10,400,384,133,244,120
Maharashtra,Vertic Haplustert,Sugarcane,Co 86032,Seasonal,160,12,500,261,105,168,100
Maharashtra,Vertic Haplustert,Sugarcane,Co 86032,Seasonal,160,12,500,357,130,223,120
Maharashtra,Vertic Haplustert,Sugarcane,Co 86032,Seasonal,180,14,600,234,102,147,100
Maharashtra,Vertic Haplustert,Sugarcane,Co 86032,Seasonal,180,14,600,330,127,202,120
Maharashtra,Vertic Haplustert,Sugarcane,Co 86032,Seasonal,200,16,700,207,99,134,100
Maharashtra,Vertic Haplustert,Sugarcane,Co 86032,Seasonal,200,16,700,303,124,181,120
Maharashtra,Typic Haplustept,Groundnut,Phule Pragati,Kharif,100,6,200,46,73,31,20
Maharashtra,Typic Haplustept,Groundnut,Phule Pragati,Kharif,100,6,200,67,98,47,25
Maharashtra,Typic Haplustept,Groundnut,Phule Pragati,Kharif,120,8,250,39,64,23,20
Maharashtra,Typic Haplustept,Groundnut,Phule Pragati,Kharif,120,8,250,60,89,39,25
Maharashtra,Typic Haplustept,Groundnut,Phule Pragati,Kharif,140,10,300,31,56,15,20
Maharashtra,Typic Haplustept,Groundnut,Phule Pragati,Kharif,140,10,300,52,80,31,25
Maharashtra,Typic Haplustept,Groundnut,Phule Pragati,Kharif,160,12,350,24,47,25,20
Maharashtra,Typic Haplustept,Groundnut,Phule Pragati,Kharif,160,12,350,45,72,23,25
Maharashtra,Typic Haplustept,Groundnut,Phule Pragati,Kharif,180,14,400,17,38,25,20
Maharashtra,Typic Haplustept,Groundnut,Phule Pragati,Kharif,180,14,400,37,63,15,25
Maharashtra,Typic Haplustept,Groundnut,Phule Pragati,Kharif,200,16,450,25,29,25,20
Maharashtra,Typic Haplustept,Groundnut,Phule Pragati,Kharif,200,16,450,30,54,25,25
Maharashtra,Typic Haplustept,Groundnut,Phule Pragati,Kharif,220,18,500,25,21,25,20
Maharashtra,Typic Haplustept,Groundnut,Phule Pragati,Kharif,220,18,500,23,46,25,25
Maharashtra,Typic Haplustept,Groundnut,SB-IX,Summer,100,6,200,65,169,61,20
Maharashtra,Typic Haplustept,Groundnut,SB-IX,Summer,100,6,200,85,210,77,25
Maharashtra,Typic Haplustept,Groundnut,SB-IX,Summer,120,8,300,57,157,51,20
Maharashtra,Typic Haplustept,Groundnut,SB-IX,Summer,120,8,300,77,198,67,25
Maharashtra,Typic Haplustept,Groundnut,SB-IX,Summer,140,10,400,49,144,41,20
Maharashtra,Typic Haplustept,Groundnut,SB-IX,Summer,140,10,400,69,185,57,25
Maharashtra,Typic Haplustept,Groundnut,SB-IX,Summer,160,12,500,41,132,31,20
Maharashtra,Typic Haplustept,Groundnut,SB-IX,Summer,160,12,500,61,173,47,25
Maharashtra,Typic Haplustept,Groundnut,SB-IX,Summer,180,14,600,33,120,21,20
Maharashtra,Typic Haplustept,Groundnut,SB-IX,Summer,180,14,600,53,161,37,25
Maharashtra,Typic Haplustept,Groundnut,SB-IX,Summer,200,16,700,25,107,11,20
Maharashtra,Typic Haplustept,Groundnut,SB-IX,Summer,200,16,700,45,149,27,25
Maharashtra,Typic Haplustert,Soybean,JS-335,Kharif,100,6,200,104,127,73,25
Maharashtra,Typic Haplustert,Soybean,JS-335,Kharif,100,6,200,60,85,63,25
Maharashtra,Typic Haplustert,Soybean,JS-335,Kharif,120,8,300,90,119,60,25
Maharashtra,Typic Haplustert,Soybean,JS-335,Kharif,120,8,300,52,79,52,25
Maharashtra,Typic Haplustert,Soybean,JS-335,Kharif,140,10,400,76,110,47,25
Maharashtra,Typic Haplustert,Soybean,JS-335,Kharif,140,10,400,44,73,41,25
Maharashtra,Typic Haplustert,Soybean,JS-335,Kharif,160,12,500,63,101,34,25
Maharashtra,Typic Haplustert,Soybean,JS-335,Kharif,160,12,500,36,67,30,25
Maharashtra,Typic Haplustert,Soybean,JS-335,Kharif,180,14,600,49,92,21,25
Maharashtra,Typic Haplustert,Soybean,JS-335,Kharif,180,14,600,29,61,19,25
Maharashtra,Typic Haplustert,Soybean,JS-335,Kharif,200,16,700,36,83,25,25
Maharashtra,Typic Haplustert,Soybean,JS-335,Kharif,200,16,700,21,56,25,25
Maharashtra,Typic Haplustert,Soybean,JS-335,Kharif,220,18,800,22,74,25,25
Maharashtra,Typic Haplustert,Soybean,JS-335,Kharif,220,18,800,13,50,25,25
Maharashtra,Typic Haplustert,Sunflower,SS-56,Kharif,160,8,250,123,59,45,16
Maharashtra,Typic Haplustert,Sunflower,SS-56,Kharif,160,8,250,150,74,54,18
Maharashtra,Typic Haplustert,Sunflower,SS-56,Kharif,180,10,300,110,45,39,16
Maharashtra,Typic Haplustert,Sunflower,SS-56,Kharif,180,10,300,137,60,48,18
Maharashtra,Typic Haplustert,Sunflower,SS-56,Kharif,200,12,350,97,31,33,16
Maharashtra,Typic Haplustert,Sunflower,SS-56,Kharif,200,12,350,124,46,42,18
Maharashtra,Typic Haplustert,Sunflower,SS-56,Kharif,220,14,400,84,17,27,16
Maharashtra,Typic Haplustert,Sunflower,SS-56,Kharif,220,14,400,111,32,36,18
Maharashtra,Typic Haplustert,Sunflower,SS-56,Kharif,240,16,450,71,25,21,16
Maharashtra,Typic Haplustert,Sunflower,SS-56,Kharif,240,16,450,98,25,30,18
Maharashtra,Typic Haplustept,wheat,HD-2189,RABI,100,6,250,237,59,45,40
Maharashtra,Typic Haplustept,wheat,HD-2189,RABI,100,6,250,303,78,69,50
Maharashtra,Typic Haplustept,wheat,HD-2189,RABI,120,8,275,222,53,40,40
Maharashtra,Typic Haplustept,wheat,HD-2189,RABI,120,8,275,288,72,64,50
Maharashtra,Typic Haplustept,wheat,HD-2189,RABI,140,10,300,207,47,34,40
Maharashtra,Typic Haplustept,wheat,HD-2189,RABI,140,10,300,273,66,58,50
Maharashtra,Typic Haplustept,wheat,HD-2189,RABI,160,12,325,193,41,29,40
Maharashtra,Typic Haplustept,wheat,HD-2189,RABI,160,12,325,259,60,53,50
Maharashtra,Typic Haplustept,wheat,HD-2189,RABI,180,14,350,178,36,23,40
Maharashtra,Typic Haplustept,wheat,HD-2189,RABI,180,14,350,244,55,47,50
Maharashtra,Typic Haplustept,wheat,HD-2189,RABI,200,16,375,163,30,18,40
Maharashtra,Typic Haplustept,wheat,HD-2189,RABI,200,16,375,229,49,42,50
Maharashtra,Typic Haplustept,wheat,HD-2189,RABI,220,18,400,149,25,25,40
Maharashtra,Typic Haplustept,wheat,HD-2189,RABI,220,18,400,214,43,36,50
Maharashtra,Typic Haplustept,wheat,HD-2189,RABI,240,20,425,133,25,25,40
Maharashtra,Typic Haplustept,wheat,HD-2189,RABI,240,20,425,199,37,31,50
Maharashtra,Typic Haplustept,wheat,HD-2189,RABI,260,22,450,118,25,25,40
Maharashtra,Typic Haplustept,wheat,HD-2189,RABI,260,22,450,185,32,25,50
Maharashtra,Typic Haplustept,wheat,HD-2189,RABI,280,24,475,103,25,25,40
Maharashtra,Typic Haplustept,wheat,HD-2189,RABI,280,24,475,170,26,20,50
Maharashtra,Typic Haplustept,wheat,HD-2189,RABI,300,26,500,80,25,25,40
Maharashtra,Typic Haplustept,wheat,HD-2189,RABI,300,26,500,155,20,15,50
Maharashtra,Typic Ustorthent,Transplanted paddy,Indrayani,0,100,10,200,174,239,77,40
Maharashtra,Typic Ustorthent,Transplanted paddy,Indrayani,0,100,10,200,200,286,91,45
Maharashtra,Typic Ustorthent,Transplanted paddy,Indrayani,0,150,15,250,157,171,69,40
Maharashtra,Typic Ustorthent,Transplanted paddy,Indrayani,0,150,15,250,183,218,83,45
Maharashtra,Typic Ustorthent,Transplanted paddy,Indrayani,0,200,20,300,140,103,61,40
Maharashtra,Typic Ustorthent,Transplanted paddy,Indrayani,0,200,20,300,166,150,75,45
Maharashtra,Typic Ustorthent,Transplanted paddy,Indrayani,0,250,25,350,123,35,53,40
Maharashtra,Typic Ustorthent,Transplanted paddy,Indrayani,0,250,25,350,149,82,67,45
Maharashtra,Typic Ustorthent,Transplanted paddy,Indrayani,0,300,30,400,106,25,45,40
Maharashtra,Typic Ustorthent,Transplanted paddy,Indrayani,0,300,30,400,132,25,59,45
Maharashtra,Typic Haplustept,Upland paddy,R-24,Rabi,100,6,200,112,61,61,30
Maharashtra,Typic Haplustept,Upland paddy,R-24,Rabi,100,6,200,167,82,84,40
Maharashtra,Typic Haplustept,Upland paddy,R-24,Rabi,120,8,300,101,59,56,30
Maharashtra,Typic Haplustept,Upland paddy,R-24,Rabi,120,8,300,156,81,79,40
Maharashtra,Typic Haplustept,Upland paddy,R-24,Rabi,140,10,400,90,57,51,30
Maharashtra,Typic Haplustept,Upland paddy,R-24,Rabi,140,10,400,145,79,74,40
Maharashtra,Typic Haplustept,Upland paddy,R-24,Rabi,160,12,500,80,55,46,30
Maharashtra,Typic Haplustept,Upland paddy,R-24,Rabi,160,12,500,134,77,69,40
Maharashtra,Typic Haplustept,Upland paddy,R-24,Rabi,180,14,600,68,54,41,30
Maharashtra,Typic Haplustept,Upland paddy,R-24,Rabi,180,14,600,123,76,64,40
Maharashtra,Typic Haplustept,Upland paddy,R-24,Rabi,200,16,700,57,52,36,30
Maharashtra,Typic Haplustept,Upland paddy,R-24,Rabi,200,16,700,112,74,59,40
Maharashtra,Typic Haplustept,Pearl millet,Saburi-RHRBH-8609,Kharif,100,6,250,61,77,35,30
Maharashtra,Typic Haplustept,Pearl millet,Saburi-RHRBH-8609,Kharif,100,6,250,78,94,43,35
Maharashtra,Typic Haplustept,Pearl millet,Saburi-RHRBH-8609,Kharif,120,10,300,54,60,32,30
Maharashtra,Typic Haplustept,Pearl millet,Saburi-RHRBH-8609,Kharif,120,10,300,70,77,40,35
Maharashtra,Typic Haplustept,Pearl millet,Saburi-RHRBH-8609,Kharif,140,14,350,46,44,29,30
Maharashtra,Typic Haplustept,Pearl millet,Saburi-RHRBH-8609,Kharif,140,14,350,63,61,37,35
Maharashtra,Typic Haplustept,Pearl millet,Saburi-RHRBH-8609,Kharif,160,18,400,38,28,26,30
Maharashtra,Typic Haplustept,Pearl millet,Saburi-RHRBH-8609,Kharif,160,18,400,55,45,34,35
Maharashtra,Typic Haplustept,Pearl millet,Saburi-RHRBH-8609,Kharif,180,22,450,30,11,23,30
Maharashtra,Typic Haplustept,Pearl millet,Saburi-RHRBH-8609,Kharif,180,22,450,47,28,21,35
Maharashtra,Typic Haplustept,Pearl millet,Saburi-RHRBH-8609,Kharif,200,26,500,23,25,20,30
Maharashtra,Typic Haplustept,Pearl millet,Saburi-RHRBH-8609,Kharif,200,26,500,40,25,28,35
Maharashtra,Typic Haplustept,Pearl millet,Saburi-RHRBH-8609,Kharif,220,26,550,16,25,17,30
Maharashtra,Typic Haplustept,Pearl millet,Saburi-RHRBH-8609,Kharif,220,26,550,32,25,25,35
Maharashtra,Typic Haplustept,Pearl millet,Saburi-RHRBH-8609,Kharif,240,26,600,8,25,14,30
Maharashtra,Typic Haplustept,Pearl millet,Saburi-RHRBH-8609,Kharif,240,26,600,25,25,22,35
Maharashtra,Typic Haplustert,Chickpea,Vishal,Rabi,100,6,200,59,61,18,20
Maharashtra,Typic Haplustert,Chickpea,Vishal,Rabi,100,6,200,85,802,24,25
Maharashtra,Typic Haplustert,Chickpea,Vishal,Rabi,120,8,250,50,55,16,20
Maharashtra,Typic Haplustert,Chickpea,Vishal,Rabi,120,8,250,76,75,22,25
Maharashtra,Typic Haplustert,Chickpea,Vishal,Rabi,140,10,300,41,50,14,20
Maharashtra,Typic Haplustert,Chickpea,Vishal,Rabi,140,10,300,64,69,20,25
Maharashtra,Typic Haplustert,Chickpea,Vishal,Rabi,160,12,350,31,44,12,20
Maharashtra,Typic Haplustert,Chickpea,Vishal,Rabi,160,12,350,58,64,18,25
Maharashtra,Typic Haplustert,Chickpea,Vishal,Rabi,180,14,400,22,39,10,20
Maharashtra,Typic Haplustert,Chickpea,Vishal,Rabi,180,14,400,48,58,16,25
Maharashtra,Typic Haplustert,Chickpea,Vishal,Rabi,200,16,450,13,33,8,20
Maharashtra,Typic Haplustert,Chickpea,Vishal,Rabi,200,16,450,39,52,14,25
Maharashtra,Typic Haplustert,Chickpea,Vishal,Rabi,220,18,500,25,28,25,20
Maharashtra,Typic Haplustert,Chickpea,Vishal,Rabi,220,18,500,30,47,12,25
Maharashtra,Typic Haplustert,Chickpea,Vishal,Rabi,240,20,550,25,22,25,20
Maharashtra,Typic Haplustert,Chickpea,Vishal,Rabi,240,20,550,21,41,25,25
Maharashtra,Typic Haplustert,Chickpea,Vishal,Rabi,260,22,600,25,16,25,20
Maharashtra,Typic Haplustert,Chickpea,Vishal,Rabi,260,22,600,25,36,25,25
Maharashtra,Typic Haplustert,Chickpea,Vishal,Rabi,260,24,650,25,25,25,20
Maharashtra,Typic Haplustert,Chickpea,Vishal,Rabi,260,24,650,25,30,25,25
Maharashtra,Typic Haplustert,Okra,Arka anamika,Summer,100,6,200,157,110,109,12
Maharashtra,Typic Haplustert,Okra,Arka anamika,Summer,100,6,200,121,88,90,12
Maharashtra,Typic Haplustert,Okra,Arka anamika,Summer,120,8,300,148,105,94,12
Maharashtra,Typic Haplustert,Okra,Arka anamika,Summer,120,8,300,113,83,76,12
Maharashtra,Typic Haplustert,Okra,Arka anamika,Summer,140,10,400,139,100,79,12
Maharashtra,Typic Haplustert,Okra,Arka anamika,Summer,140,10,400,104,79,62,12
Maharashtra,Typic Haplustert,Okra,Arka anamika,Summer,160,12,500,130,95,64,12
Maharashtra,Typic Haplustert,Okra,Arka anamika,Summer,160,12,500,96,74,48,12
Maharashtra,Typic Haplustert,Okra,Arka anamika,Summer,180,14,600,121,91,59,12
Maharashtra,Typic Haplustert,Okra,Arka anamika,Summer,180,14,600,88,70,34,12
Maharashtra,Typic Haplustert,Okra,Arka anamika,Summer,200,16,700,112,86,34,12
Maharashtra,Typic Haplustert,Okra,Arka anamika,Summer,200,16,700,79,65,20,12
Maharashtra,Typic Haplustert,Okra,Arka anamika,Summer,220,18,800,103,81,19,12
Maharashtra,Typic Haplustert,Okra,Arka anamika,Summer,220,18,800,71,61,25,12
Maharashtra,Typic Haplustert,Brinjal,Krishna,Summer,100,6,200,188,113,134.5,50
Maharashtra,Typic Haplustert,Brinjal,Krishna,Summer,100,6,200,236.2,144.4,166.6,60
Maharashtra,Typic Haplustert,Brinjal,Krishna,Summer,120,8,300,177.4,98.4,121.5,50
Maharashtra,Typic Haplustert,Brinjal,Krishna,Summer,120,8,300,225.6,129.8,153.6,60
Maharashtra,Typic Haplustert,Brinjal,Krishna,Summer,140,10,400,166.8,83.8,108.5,50
Maharashtra,Typic Haplustert,Brinjal,Krishna,Summer,140,10,400,215,115.2,140.6,60
Maharashtra,Typic Haplustert,Brinjal,Krishna,Summer,160,12,500,156.2,69.3,95.5,50
Maharashtra,Typic Haplustert,Brinjal,Krishna,Summer,160,12,500,204.4,100.5,127.6,60
Maharashtra,Typic Haplustert,Brinjal,Krishna,Summer,180,14,600,145.6,54.5,82.5,50
Maharashtra,Typic Haplustert,Brinjal,Krishna,Summer,180,14,600,193.8,85.9,114.6,60
Maharashtra,Typic Haplustert,Brinjal,Krishna,Summer,200,16,700,135,39.8,69.5,50
Maharashtra,Typic Haplustert,Brinjal,Krishna,Summer,200,16,700,183.2,71.2,101.6,60
Maharashtra,Typic Haplustert,Cabbage,Golden acre,Rabi,100,6,200,227.4,128,162,30
Maharashtra,Typic Haplustert,Cabbage,Golden acre,Rabi,100,6,200,310,175,229,40
Maharashtra,Typic Haplustert,Cabbage,Golden acre,Rabi,120,8,300,223.2,123,143,30
Maharashtra,Typic Haplustert,Cabbage,Golden acre,Rabi,120,8,300,306,170,210,40
Maharashtra,Typic Haplustert,Cabbage,Golden acre,Rabi,140,10,400,219,118,124,30
Maharashtra,Typic Haplustert,Cabbage,Golden acre,Rabi,140,10,400,302,165,191,40
Maharashtra,Typic Haplustert,Cabbage,Golden acre,Rabi,160,12,500,214.8,114,105,30
Maharashtra,Typic Haplustert,Cabbage,Golden acre,Rabi,160,12,500,298,108,172,40
Maharashtra,Typic Haplustert,Cabbage,Golden acre,Rabi,180,14,600,210.6,109,86,30
Maharashtra,Typic Haplustert,Cabbage,Golden acre,Rabi,180,14,600,293,156,153,40
Maharashtra,Typic Haplustert,Cabbage,Golden acre,Rabi,200,16,700,206.4,104,67,30
Maharashtra,Typic Haplustert,Cabbage,Golden acre,Rabi,200,16,700,289,151,134,40
Maharashtra,Typic Haplustert,Cauliflower,Namdhari N0. 90,Rabi,100,6,200,136,93,82,25
Maharashtra,Typic Haplustert,Cauliflower,Namdhari N0. 90,Rabi,100,6,200,106,74,54,25
Maharashtra,Typic Haplustert,Cauliflower,Namdhari N0. 90,Rabi,120,8,300,128,89,74,25
Maharashtra,Typic Haplustert,Cauliflower,Namdhari N0. 90,Rabi,120,8,300,100,70,48,25
Maharashtra,Typic Haplustert,Cauliflower,Namdhari N0. 90,Rabi,140,10,400,122,83,66,25
Maharashtra,Typic Haplustert,Cauliflower,Namdhari N0. 90,Rabi,140,10,400,94,66,42,25
Maharashtra,Typic Haplustert,Cauliflower,Namdhari N0. 90,Rabi,160,12,500,115,80,58,25
Maharashtra,Typic Haplustert,Cauliflower,Namdhari N0. 90,Rabi,160,12,500,88,62,36,25
Maharashtra,Typic Haplustert,Cauliflower,Namdhari N0. 90,Rabi,180,14,600,108,75,50,25
Maharashtra,Typic Haplustert,Cauliflower,Namdhari N0. 90,Rabi,180,14,600,82,57,30,25
Maharashtra,Typic Haplustert,Cauliflower,Namdhari N0. 90,Rabi,200,16,700,101,71,42,25
Maharashtra,Typic Haplustert,Cauliflower,Namdhari N0. 90,Rabi,200,16,700,76,53,24,25
Maharashtra,Typic Haplustert,Cauliflower,Namdhari N0. 90,Rabi,220,18,800,94,66,34,25
Maharashtra,Typic Haplustert,Cauliflower,Namdhari N0. 90,Rabi,220,18,800,70,49,18,25
Maharashtra,Typic Ustorthent,Potato,Khurfi Jyoti,Rabi,100,6,200,231,125,196,175
Maharashtra,Typic Ustorthent,Potato,Khurfi Jyoti,Rabi,100,6,200,171,113,175,175
Maharashtra,Typic Ustorthent,Potato,Khurfi Jyoti,Rabi,120,8,300,223,114,179,175
Maharashtra,Typic Ustorthent,Potato,Khurfi Jyoti,Rabi,120,8,300,165,104,152,175
Maharashtra,Typic Ustorthent,Potato,Khurfi Jyoti,Rabi,140,10,400,251,103,162,175
Maharashtra,Typic Ustorthent,Potato,Khurfi Jyoti,Rabi,140,10,400,158,93,137,175
Maharashtra,Typic Ustorthent,Potato,Khurfi Jyoti,Rabi,160,12,500,207,92,145,175
Maharashtra,Typic Ustorthent,Potato,Khurfi Jyoti,Rabi,160,12,500,152,82,121,175
Maharashtra,Typic Ustorthent,Potato,Khurfi Jyoti,Rabi,180,14,600,199,81,128,175
Maharashtra,Typic Ustorthent,Potato,Khurfi Jyoti,Rabi,180,14,600,146,72,105,175
Maharashtra,Typic Ustorthent,Potato,Khurfi Jyoti,Rabi,200,16,700,191,70,111,175
Maharashtra,Typic Ustorthent,Potato,Khurfi Jyoti,Rabi,200,16,700,140,61,90,175
Maharashtra,Typic Ustorthent,Potato,Khurfi Jyoti,Rabi,220,18,800,183,59,94.12,175
Maharashtra,Typic Ustorthent,Potato,Khurfi Jyoti,Rabi,220,18,800,133.2,50.2,74.1,175
Maharashtra,Typic Ustorthent,Tomato,Dhanshree,Summer,100,6,200,114,91,105,30
Maharashtra,Typic Ustorthent,Tomato,Dhanshree,Summer,100,6,200,70,53,52,30
Maharashtra,Typic Ustorthent,Tomato,Dhanshree,Summer,120,8,300,105,84,80,30
Maharashtra,Typic Ustorthent,Tomato,Dhanshree,Summer,120,8,300,61,47,30,30
Maharashtra,Typic Ustorthent,Tomato,Dhanshree,Summer,140,10,400,96,75,55,30
Maharashtra,Typic Ustorthent,Tomato,Dhanshree,Summer,140,10,400,52,42,25,30
Maharashtra,Typic Ustorthent,Tomato,Dhanshree,Summer,160,12,500,86,66,30,30
Maharashtra,Typic Ustorthent,Tomato,Dhanshree,Summer,160,12,500,44,36,25,30
Maharashtra,Typic Ustorthent,Tomato,Dhanshree,Summer,180,14,600,77,55,25,30
Maharashtra,Typic Ustorthent,Tomato,Dhanshree,Summer,180,14,600,35,30,25,30
Maharashtra,Typic Ustorthent,Tomato,Dhanshree,Summer,200,16,700,68,50,25,30
Maharashtra,Typic Ustorthent,Tomato,Dhanshree,Summer,200,16,700,27,25,25,30
Maharashtra,Typic Ustorthent,Tomato,Dhanshree,Summer,220,18,800,59,42,25,30
Maharashtra,Typic Ustorthent,Tomato,Dhanshree,Summer,220,18,800,18,19,25,30
Maharashtra,Typic Haplustert,Turmeric,Salem,Kharif,100,6,200,599,273,269,70
Maharashtra,Typic Haplustert,Turmeric,Salem,Kharif,100,6,200,313,231,198,70
Maharashtra,Typic Haplustert,Turmeric,Salem,Kharif,120,8,300,563,257,215,70
Maharashtra,Typic Haplustert,Turmeric,Salem,Kharif,120,8,300,295,218,153,70
Maharashtra,Typic Haplustert,Turmeric,Salem,Kharif,140,10,400,528,242,160,70
Maharashtra,Typic Haplustert,Turmeric,Salem,Kharif,140,10,400,277,206,108,70
Maharashtra,Typic Haplustert,Turmeric,Salem,Kharif,160,12,500,492,227,106,70
Maharashtra,Typic Haplustert,Turmeric,Salem,Kharif,160,12,500,260,193,63,70
Maharashtra,Typic Haplustert,Turmeric,Salem,Kharif,180,14,600,457,212,51,70
Maharashtra,Typic Haplustert,Turmeric,Salem,Kharif,180,14,600,242,180,18,70
Maharashtra,Typic Haplustert,Turmeric,Salem,Kharif,200,16,700,421,197,25,70
Maharashtra,Typic Haplustert,Turmeric,Salem,Kharif,200,16,700,225,167,25,70
Maharashtra,Typic Haplustert,Turmeric,Salem,Kharif,220,18,800,385,182,25,70
Maharashtra,Typic Haplustert,Turmeric,Salem,Kharif,220,18,800,207,154,25,70
Maharashtra,Typic Haplustert,Chilli,Phule Jyoti,Rabi,100,6,200,297.6,170.6,195.3,7
Maharashtra,Typic Haplustert,Chilli,Phule Jyoti,Rabi,100,6,200,186.9,141.1,169.4,7
Maharashtra,Typic Haplustert,Chilli,Phule Jyoti,Rabi,120,8,300,286.8,164.2,165.3,7
Maharashtra,Typic Haplustert,Chilli,Phule Jyoti,Rabi,120,8,300,178.9,135.2,143.4,7
Maharashtra,Typic Haplustert,Chilli,Phule Jyoti,Rabi,140,10,400,276,157.9,135.3,7
Maharashtra,Typic Haplustert,Chilli,Phule Jyoti,Rabi,140,10,400,170.9,129.3,117.4,7
Maharashtra,Typic Haplustert,Chilli,Phule Jyoti,Rabi,160,12,500,265.2,151.5,105.3,7
Maharashtra,Typic Haplustert,Chilli,Phule Jyoti,Rabi,160,12,500,162.9,123.3,91.4,7
Maharashtra,Typic Haplustert,Chilli,Phule Jyoti,Rabi,180,14,600,254.4,145.2,75.3,7
Maharashtra,Typic Haplustert,Chilli,Phule Jyoti,Rabi,180,14,600,154.9,117.4,65.4,7
Maharashtra,Typic Haplustert,Chilli,Phule Jyoti,Rabi,200,16,700,243.6,138.9,45.3,7
Maharashtra,Typic Haplustert,Chilli,Phule Jyoti,Rabi,200,16,700,146.9,111.4,39.4,7
Maharashtra,Typic Haplustert,Chilli,Phule Jyoti,Rabi,220,18,800,232.8,132.5,15.3,7
Maharashtra,Typic Haplustert,Chilli,Phule Jyoti,Rabi,220,18,800,138.9,105.5,13.4,7
Maharashtra,Typic Haplustert,Onion,N-2-4-1,Rabi,100,6,200,81,74,52,25
Maharashtra,Typic Haplustert,Onion,N-2-4-1,Rabi,100,6,200,108,94,67,30
Maharashtra,Typic Haplustert,Onion,N-2-4-1,Rabi,120,8,300,70,65,39,25
Maharashtra,Typic Haplustert,Onion,N-2-4-1,Rabi,120,8,300,97,85,54,30
Maharashtra,Typic Haplustert,Onion,N-2-4-1,Rabi,140,10,400,59,57,26,25
Maharashtra,Typic Haplustert,Onion,N-2-4-1,Rabi,140,10,400,86,77,41,30
Maharashtra,Typic Haplustert,Onion,N-2-4-1,Rabi,160,12,500,49,48,25,25
Maharashtra,Typic Haplustert,Onion,N-2-4-1,Rabi,160,12,500,76,68,28,30
Maharashtra,Typic Haplustert,Onion,N-2-4-1,Rabi,180,14,600,38,39,25,25
Maharashtra,Typic Haplustert,Onion,N-2-4-1,Rabi,180,14,600,65,60,25,30
Maharashtra,Typic Haplustert,Onion,N-2-4-1,Rabi,200,16,700,27,30,25,25
Maharashtra,Typic Haplustert,Onion,N-2-4-1,Rabi,200,16,700,54,51,25,30
Maharashtra,Typic Haplusert,Pigeonpea,ICPL-87,Kharif,100,6,200,36,63,67,16
Maharashtra,Typic Haplusert,Pigeonpea,ICPL-87,Kharif,100,6,200,58,86,93,20
Maharashtra,Typic Haplusert,Pigeonpea,ICPL-87,Kharif,120,8,300,25,54,50,16
Maharashtra,Typic Haplusert,Pigeonpea,ICPL-87,Kharif,120,8,300,47,77,76,20
Maharashtra,Typic Haplusert,Pigeonpea,ICPL-87,Kharif,140,10,400,14,44,33,16
Maharashtra,Typic Haplusert,Pigeonpea,ICPL-87,Kharif,140,10,400,37,67,59,20
Maharashtra,Typic Haplusert,Pigeonpea,ICPL-87,Kharif,160,12,500,25,35,16,16
Maharashtra,Typic Haplusert,Pigeonpea,ICPL-87,Kharif,160,12,500,25,58,42,20
Maharashtra,Typic Haplusert,Pigeonpea,ICPL-87,Kharif,180,14,600,25,25,1,16
Maharashtra,Typic Haplusert,Pigeonpea,ICPL-87,Kharif,180,14,600,15,48,25,20
Maharashtra,Typic Haplusert,Pigeonpea,ICPL-87,Kharif,200,16,700,25,16,25,16
Maharashtra,Typic Haplusert,Pigeonpea,ICPL-87,Kharif,200,16,700,25,39,25,20
Maharashtra,Typic Haplusert,Pigeonpea,ICPL-87,Kharif,200,18,800,25,25,25,16
Maharashtra,Typic Haplusert,Pigeonpea,ICPL-87,Kharif,200,18,800,29,25,200,20
