,State,Soil,Crop,Variety,Season,Available-N(kg/ha),Available-P(kg/ha),Available-K(kg/ha),Required-N(kg/ha),Required-P(kg/ha),Required-K(kg/ha),Yeild(q/ha)
0,Andhra Pradesh,0,Rice,Mashuri,Kharif,150,5,150,115.0,144.0,52.0,50.0
1,Andhra Pradesh,0,Rice,Mashuri,Kharif,150,5,150,133.0,144.0,60.0,55.0
2,Andhra Pradesh,0,Rice,Mashuri,Kharif,175,10,200,102.0,128.0,42.0,50.0
3,Andhra Pradesh,0,Rice,Mashuri,Kharif,175,10,200,121.0,128.0,50.0,55.0
4,Andhra Pradesh,0,Rice,Mashuri,Kharif,200,15,250,90.0,112.0,33.0,50.0
5,Andhra Pradesh,0,Rice,Mashuri,Kharif,200,15,250,108.0,112.0,40.0,55.0
6,Andhra Pradesh,0,Rice,Mashuri,Kharif,225,20,300,77.0,96.0,23.0,50.0
7,Andhra Pradesh,0,Rice,Mashuri,Kharif,225,20,300,96.0,96.0,31.0,55.0
8,Andhra Pradesh,0,Rice,Mashuri,Kharif,250,25,350,65.0,80.0,14.0,50.0
9,Andhra Pradesh,0,Rice,Mashuri,Kharif,250,25,350,83.0,80.0,22.0,55.0
10,Andhra Pradesh,0,Rice,Mashuri,Kharif,275,30,400,52.0,64.0,4.0,50.0
11,Andhra Pradesh,0,Rice,Mashuri,Kharif,275,30,400,71.0,65.0,12.0,55.0
12,Andhra Pradesh,0,Rice,Mashuri,Kharif,300,35,450,40.0,49.0,3.0,50.0
13,Andhra Pradesh,0,Rice,Mashuri,Kharif,300,35,450,58.0,49.0,10.0,55.0
14,Andhra Pradesh,0,Rice,Mashuri,Kharif,325,40,500,27.0,33.0,2.0,50.0
15,Andhra Pradesh,0,Rice,Mashuri,Kharif,325,40,500,46.0,33.0,10.0,55.0
16,Andhra Pradesh,0,Rice,Mashuri,Kharif,350,45,550,14.0,17.0,2.0,50.0
17,Andhra Pradesh,0,Rice,Mashuri,Kharif,350,45,550,33.0,17.0,10.0,55.0
18,Andhra Pradesh,0,Rice,Mashuri,Kharif,375,50,600,2.0,15.0,2.0,50.0
19,Andhra Pradesh,0,Rice,Mashuri,Kharif,375,50,600,21.0,15.0,10.0,55.0
20,Andhra Pradesh,0,Rice,Mashuri,Kharif,400,55,650,0.0,15.0,2.0,50.0
21,Andhra Pradesh,0,Rice,Mashuri,Kharif,400,55,650,8.0,15.0,10.0,55.0
22,Andhra Pradesh,1,Rice,Pothana,Kharif,150,5,100,123.0,87.0,112.0,50.0
23,Andhra Pradesh,1,Rice,Pothana,Kharif,150,5,100,161.0,107.0,142.0,60.0
24,Andhra Pradesh,1,Rice,Pothana,Kharif,175,10,150,112.0,77.0,94.0,50.0
25,Andhra Pradesh,1,Rice,Pothana,Kharif,175,10,150,150.0,96.0,124.0,60.0
26,Andhra Pradesh,1,Rice,Pothana,Kharif,200,15,200,101.0,66.0,76.0,50.0
27,Andhra Pradesh,1,Rice,Pothana,Kharif,200,15,200,139.0,86.0,106.0,60.0
28,Andhra Pradesh,1,Rice,Pothana,Kharif,225,20,250,90.0,55.0,58.0,50.0
29,Andhra Pradesh,1,Rice,Pothana,Kharif,225,20,250,128.0,75.0,88.0,60.0
30,Andhra Pradesh,1,Rice,Pothana,Kharif,250,25,300,79.0,45.0,40.0,50.0
31,Andhra Pradesh,1,Rice,Pothana,Kharif,250,25,300,114.0,65.0,70.0,60.0
32,Andhra Pradesh,1,Rice,Pothana,Kharif,275,30,350,68.0,34.0,22.0,50.0
33,Andhra Pradesh,1,Rice,Pothana,Kharif,275,30,350,106.0,54.0,52.0,60.0
34,Andhra Pradesh,1,Rice,Pothana,Kharif,300,35,400,57.0,23.0,4.0,50.0
35,Andhra Pradesh,1,Rice,Pothana,Kharif,300,35,400,95.0,44.0,34.0,60.0
36,Andhra Pradesh,1,Rice,Pothana,Kharif,325,40,450,46.0,13.0,2.0,50.0
37,Andhra Pradesh,1,Rice,Pothana,Kharif,325,40,450,84.0,33.0,16.0,60.0
38,Andhra Pradesh,1,Rice,Pothana,Kharif,350,45,500,35.0,12.0,2.0,50.0
39,Andhra Pradesh,1,Rice,Pothana,Kharif,350,45,500,73.0,23.0,15.0,60.0
40,Andhra Pradesh,1,Rice,Pothana,Kharif,375,50,550,24.0,12.0,2.0,50.0
41,Andhra Pradesh,1,Rice,Pothana,Kharif,375,50,550,62.0,12.0,15.0,60.0
42,Andhra Pradesh,1,Rice,Pothana,Kharif,400,55,600,13.0,12.0,2.0,50.0
43,Andhra Pradesh,1,Rice,Pothana,Kharif,400,55,600,51.0,2.0,15.0,60.0
44,Andhra Pradesh,2,Rice,MTU-2067,Kharif,200,10,200,63.0,86.0,71.0,55.0
45,Andhra Pradesh,2,Rice,MTU-2067,Kharif,200,10,200,74.0,96.0,82.0,60.0
46,Andhra Pradesh,2,Rice,MTU-2067,Kharif,225,15,250,55.0,77.0,57.0,55.0
47,Andhra Pradesh,2,Rice,MTU-2067,Kharif,225,15,250,66.0,86.0,69.0,60.0
48,Andhra Pradesh,2,Rice,MTU-2067,Kharif,250,20,300,47.0,67.0,44.0,55.0
49,Andhra Pradesh,2,Rice,MTU-2067,Kharif,250,20,300,58.0,77.0,55.0,60.0
50,Andhra Pradesh,2,Rice,MTU-2067,Kharif,275,25,350,39.0,58.0,30.0,55.0
51,Andhra Pradesh,2,Rice,MTU-2067,Kharif,275,25,350,50.0,67.0,42.0,60.0
52,Andhra Pradesh,2,Rice,MTU-2067,Kharif,300,30,400,31.0,48.0,17.0,55.0
53,Andhra Pradesh,2,Rice,MTU-2067,Kharif,300,30,400,42.0,58.0,28.0,60.0
54,Andhra Pradesh,2,Rice,MTU-2067,Kharif,325,35,450,23.0,39.0,3.0,55.0
55,Andhra Pradesh,2,Rice,MTU-2067,Kharif,325,35,450,34.0,48.0,15.0,60.0
56,Andhra Pradesh,2,Rice,MTU-2067,Kharif,350,40,500,15.0,29.0,2.0,55.0
57,Andhra Pradesh,2,Rice,MTU-2067,Kharif,350,40,500,26.0,39.0,15.0,60.0
58,Andhra Pradesh,2,Rice,MTU-2067,Kharif,375,45,550,15.0,20.0,2.0,55.0
59,Andhra Pradesh,2,Rice,MTU-2067,Kharif,375,45,550,18.0,29.0,15.0,60.0
60,Andhra Pradesh,2,Rice,MTU-2067,Kharif,400,50,600,15.0,10.0,2.0,55.0
61,Andhra Pradesh,2,Rice,MTU-2067,Kharif,400,50,600,10.0,20.0,15.0,60.0
62,Andhra Pradesh,2,Rice,MTU-2067,Kharif,425,55,650,15.0,10.0,2.0,55.0
63,Andhra Pradesh,2,Rice,MTU-2067,Kharif,425,55,650,2.0,10.0,15.0,60.0
64,Andhra Pradesh,2,Rice,MTU-2067,Kharif,450,60,700,15.0,10.0,2.0,55.0
65,Andhra Pradesh,2,Rice,MTU-2067,Kharif,450,60,700,2.0,10.0,15.0,60.0
66,Andhra Pradesh,0,Rice,MTU-5182,Kharif,150,10,200,152.0,106.0,50.0,60.0
67,Andhra Pradesh,0,Rice,MTU-5182,Kharif,150,10,200,185.0,131.0,63.0,70.0
68,Andhra Pradesh,0,Rice,MTU-5182,Kharif,175,15,250,143.0,83.0,44.0,60.0
69,Andhra Pradesh,0,Rice,MTU-5182,Kharif,175,15,250,177.0,108.0,57.0,70.0
70,Andhra Pradesh,0,Rice,MTU-5182,Kharif,200,20,300,135.0,61.0,38.0,60.0
71,Andhra Pradesh,0,Rice,MTU-5182,Kharif,200,20,300,169.0,86.0,51.0,70.0
72,Andhra Pradesh,0,Rice,MTU-5182,Kharif,225,25,350,127.0,38.0,32.0,60.0
73,Andhra Pradesh,0,Rice,MTU-5182,Kharif,225,25,350,160.0,63.0,45.0,70.0
74,Andhra Pradesh,0,Rice,MTU-5182,Kharif,250,30,400,119.0,15.0,26.0,60.0
75,Andhra Pradesh,0,Rice,MTU-5182,Kharif,250,30,400,152.0,41.0,39.0,70.0
76,Andhra Pradesh,0,Rice,MTU-5182,Kharif,275,35,450,110.0,15.0,20.0,60.0
77,Andhra Pradesh,0,Rice,MTU-5182,Kharif,275,35,450,144.0,18.0,33.0,70.0
78,Andhra Pradesh,0,Rice,MTU-5182,Kharif,300,40,500,102.0,15.0,14.0,60.0
79,Andhra Pradesh,0,Rice,MTU-5182,Kharif,300,40,500,136.0,15.0,27.0,70.0
80,Andhra Pradesh,0,Rice,MTU-5182,Kharif,325,45,550,94.0,15.0,8.0,60.0
81,Andhra Pradesh,0,Rice,MTU-5182,Kharif,325,45,550,127.0,15.0,21.0,70.0
82,Andhra Pradesh,0,Rice,MTU-5182,Kharif,350,50,600,86.0,15.0,2.0,60.0
83,Andhra Pradesh,0,Rice,MTU-5182,Kharif,350,50,600,119.0,15.0,15.0,70.0
84,Andhra Pradesh,0,Rice,MTU-5182,Kharif,375,55,650,77.0,15.0,2.0,60.0
85,Andhra Pradesh,0,Rice,MTU-5182,Kharif,375,55,650,111.0,15.0,15.0,70.0
86,Andhra Pradesh,3,Rice,NLR-9672,Kharif,150,10,150,101.0,93.0,55.0,45.0
87,Andhra Pradesh,3,Rice,NLR-9672,Kharif,150,10,150,118.0,105.0,65.0,50.0
88,Andhra Pradesh,3,Rice,NLR-9672,Kharif,175,15,200,91.0,82.0,45.0,45.0
89,Andhra Pradesh,3,Rice,NLR-9672,Kharif,175,15,200,109.0,95.0,55.0,50.0
90,Andhra Pradesh,3,Rice,NLR-9672,Kharif,200,20,250,82.0,71.0,35.0,45.0
91,Andhra Pradesh,3,Rice,NLR-9672,Kharif,200,20,250,100.0,84.0,45.0,50.0
92,Andhra Pradesh,3,Rice,NLR-9672,Kharif,225,25,300,73.0,61.0,25.0,45.0
93,Andhra Pradesh,3,Rice,NLR-9672,Kharif,225,25,300,90.0,74.0,35.0,50.0
94,Andhra Pradesh,3,Rice,NLR-9672,Kharif,250,30,350,64.0,50.0,15.0,45.0
95,Andhra Pradesh,3,Rice,NLR-9672,Kharif,250,30,350,81.0,63.0,25.0,50.0
96,Andhra Pradesh,3,Rice,NLR-9672,Kharif,275,35,400,54.0,40.0,5.0,45.0
97,Andhra Pradesh,3,Rice,NLR-9672,Kharif,275,35,400,72.0,52.0,15.0,50.0
98,Andhra Pradesh,3,Rice,NLR-9672,Kharif,300,40,450,45.0,29.0,5.0,45.0
99,Andhra Pradesh,3,Rice,NLR-9672,Kharif,300,40,450,63.0,42.0,5.0,50.0
100,Andhra Pradesh,3,Rice,NLR-9672,Kharif,325,45,50,36.0,18.0,5.0,45.0
101,Andhra Pradesh,3,Rice,NLR-9672,Kharif,325,45,50,53.0,31.0,5.0,50.0
102,Andhra Pradesh,3,Rice,NLR-9672,Kharif,350,50,550,27.0,8.0,5.0,45.0
103,Andhra Pradesh,3,Rice,NLR-9672,Kharif,350,50,550,44.0,20.0,5.0,50.0
104,Andhra Pradesh,4,Rice,Tellahamsa,Kharif,150,10,150,128.0,108.0,80.0,50.0
105,Andhra Pradesh,4,Rice,Tellahamsa,Kharif,150,10,150,149.0,122.0,91.0,55.0
106,Andhra Pradesh,4,Rice,Tellahamsa,Kharif,175,15,200,114.0,95.0,69.0,50.0
107,Andhra Pradesh,4,Rice,Tellahamsa,Kharif,175,15,200,135.0,108.0,80.0,55.0
108,Andhra Pradesh,4,Rice,Tellahamsa,Kharif,200,20,250,100.0,82.0,59.0,50.0
109,Andhra Pradesh,4,Rice,Tellahamsa,Kharif,200,20,250,121.0,94.0,70.0,55.0
110,Andhra Pradesh,4,Rice,Tellahamsa,Kharif,225,25,300,86.0,68.0,48.0,50.0
111,Andhra Pradesh,4,Rice,Tellahamsa,Kharif,225,25,300,108.0,81.0,59.0,55.0
112,Andhra Pradesh,4,Rice,Tellahamsa,Kharif,250,30,350,73.0,55.0,38.0,50.0
113,Andhra Pradesh,4,Rice,Tellahamsa,Kharif,250,30,350,94.0,67.0,49.0,55.0
114,Andhra Pradesh,4,Rice,Tellahamsa,Kharif,275,35,400,59.0,41.0,27.0,50.0
115,Andhra Pradesh,4,Rice,Tellahamsa,Kharif,275,35,400,80.0,53.0,38.0,55.0
116,Andhra Pradesh,4,Rice,Tellahamsa,Kharif,300,40,450,45.0,28.0,17.0,50.0
117,Andhra Pradesh,4,Rice,Tellahamsa,Kharif,300,40,450,66.0,39.0,28.0,55.0
118,Andhra Pradesh,4,Rice,Tellahamsa,Kharif,325,45,500,31.0,15.0,6.0,50.0
119,Andhra Pradesh,4,Rice,Tellahamsa,Kharif,325,45,500,53.0,26.0,17.0,55.0
120,Andhra Pradesh,4,Rice,Tellahamsa,Kharif,350,50,550,18.0,2.0,5.0,50.0
121,Andhra Pradesh,4,Rice,Tellahamsa,Kharif,350,50,550,39.0,12.0,7.0,55.0
122,Andhra Pradesh,4,Rice,Tellahamsa,Kharif,375,55,600,4.0,0.0,5.0,50.0
123,Andhra Pradesh,4,Rice,Tellahamsa,Kharif,375,55,600,25.0,10.0,7.0,55.0
124,Andhra Pradesh,4,Rice,Tellahamsa,Kharif,400,60,650,4.0,0.0,5.0,50.0
125,Andhra Pradesh,4,Rice,Tellahamsa,Kharif,400,60,650,12.0,10.0,7.0,55.0
126,Andhra Pradesh,0,Rice,Pothana,Kharif,150,10,150,125.0,96.0,77.0,50.0
127,Andhra Pradesh,0,Rice,Pothana,Kharif,150,10,150,149.0,109.0,87.0,55.0
128,Andhra Pradesh,0,Rice,Pothana,Kharif,175,15,200,106.0,75.0,70.0,50.0
129,Andhra Pradesh,0,Rice,Pothana,Kharif,175,15,200,130.0,88.0,79.0,55.0
130,Andhra Pradesh,0,Rice,Pothana,Kharif,200,20,250,88.0,54.0,62.0,50.0
131,Andhra Pradesh,0,Rice,Pothana,Kharif,200,20,250,111.0,67.0,72.0,55.0
132,Andhra Pradesh,0,Rice,Pothana,Kharif,225,25,300,69.0,33.0,55.0,50.0
133,Andhra Pradesh,0,Rice,Pothana,Kharif,225,25,300,93.0,46.0,64.0,55.0
134,Andhra Pradesh,0,Rice,Pothana,Kharif,250,30,350,50.0,12.0,48.0,50.0
135,Andhra Pradesh,0,Rice,Pothana,Kharif,250,30,350,74.0,25.0,57.0,55.0
136,Andhra Pradesh,0,Rice,Pothana,Kharif,275,35,400,31.0,10.0,40.0,50.0
137,Andhra Pradesh,0,Rice,Pothana,Kharif,275,35,400,55.0,4.0,49.0,55.0
138,Andhra Pradesh,0,Rice,Pothana,Kharif,300,40,450,12.0,10.0,33.0,50.0
139,Andhra Pradesh,0,Rice,Pothana,Kharif,300,40,450,36.0,2.0,42.0,55.0
140,Andhra Pradesh,0,Rice,Pothana,Kharif,325,45,500,10.0,10.0,25.0,50.0
141,Andhra Pradesh,0,Rice,Pothana,Kharif,325,45,500,17.0,2.0,34.0,55.0
142,Andhra Pradesh,0,Rice,Pothana,Kharif,350,50,550,10.0,10.0,18.0,50.0
143,Andhra Pradesh,0,Rice,Pothana,Kharif,350,50,550,15.0,2.0,27.0,55.0
144,Andhra Pradesh,0,Rice,Pothana,Kharif,375,55,600,10.0,10.0,10.0,50.0
145,Andhra Pradesh,0,Rice,Pothana,Kharif,375,55,600,15.0,2.0,19.0,55.0
146,Andhra Pradesh,0,Rice,Pothana,Kharif,400,60,650,10.0,10.0,3.0,50.0
147,Andhra Pradesh,0,Rice,Pothana,Kharif,400,60,650,15.0,2.0,12.0,55.0
148,Andhra Pradesh,0,Rice,Tellahamsa,Rabi,150,10,200,122.0,108.0,46.0,50.0
149,Andhra Pradesh,0,Rice,Tellahamsa,Rabi,150,10,200,150.0,131.0,60.0,55.0
150,Andhra Pradesh,0,Rice,Tellahamsa,Rabi,175,15,250,114.0,93.0,38.0,50.0
151,Andhra Pradesh,0,Rice,Tellahamsa,Rabi,175,15,250,142.0,116.0,51.0,55.0
152,Andhra Pradesh,0,Rice,Tellahamsa,Rabi,200,20,300,106.0,78.0,29.0,50.0
153,Andhra Pradesh,0,Rice,Tellahamsa,Rabi,200,20,300,134.0,101.0,43.0,55.0
154,Andhra Pradesh,0,Rice,Tellahamsa,Rabi,225,25,350,98.0,63.0,21.0,50.0
155,Andhra Pradesh,0,Rice,Tellahamsa,Rabi,225,25,350,126.0,86.0,34.0,55.0
156,Andhra Pradesh,0,Rice,Tellahamsa,Rabi,250,30,400,90.0,48.0,12.0,50.0
157,Andhra Pradesh,0,Rice,Tellahamsa,Rabi,250,30,400,118.0,71.0,26.0,55.0
158,Andhra Pradesh,0,Rice,Tellahamsa,Rabi,275,35,450,82.0,33.0,4.0,50.0
159,Andhra Pradesh,0,Rice,Tellahamsa,Rabi,275,35,450,110.0,56.0,17.0,55.0
160,Andhra Pradesh,0,Rice,Tellahamsa,Rabi,300,40,500,74.0,18.0,0.0,50.0
161,Andhra Pradesh,0,Rice,Tellahamsa,Rabi,300,40,500,102.0,41.0,8.0,55.0
162,Andhra Pradesh,0,Rice,Tellahamsa,Rabi,325,45,550,66.0,3.0,0.0,50.0
163,Andhra Pradesh,0,Rice,Tellahamsa,Rabi,325,45,550,94.0,26.0,0.0,55.0
164,Andhra Pradesh,0,Rice,Tellahamsa,Rabi,350,50,600,58.0,0.0,0.0,50.0
165,Andhra Pradesh,0,Rice,Tellahamsa,Rabi,350,50,600,86.0,11.0,0.0,55.0
166,Andhra Pradesh,2,Rice,NLR 33057,Rabi,150,10,150,127.0,75.0,74.0,45.0
167,Andhra Pradesh,2,Rice,NLR 33057,Rabi,150,10,150,150.0,85.0,86.0,50.0
168,Andhra Pradesh,2,Rice,NLR 33057,Rabi,175,15,200,115.0,65.0,64.0,45.0
169,Andhra Pradesh,2,Rice,NLR 33057,Rabi,175,15,200,137.0,75.0,76.0,50.0
170,Andhra Pradesh,2,Rice,NLR 33057,Rabi,200,20,250,102.0,54.0,53.0,45.0
171,Andhra Pradesh,2,Rice,NLR 33057,Rabi,200,20,250,125.0,65.0,65.0,50.0
172,Andhra Pradesh,2,Rice,NLR 33057,Rabi,225,25,300,89.0,44.0,43.0,45.0
173,Andhra Pradesh,2,Rice,NLR 33057,Rabi,225,25,300,112.0,55.0,55.0,50.0
174,Andhra Pradesh,2,Rice,NLR 33057,Rabi,250,30,350,76.0,34.0,32.0,45.0
175,Andhra Pradesh,2,Rice,NLR 33057,Rabi,250,30,350,99.0,44.0,44.0,50.0
176,Andhra Pradesh,2,Rice,NLR 33057,Rabi,275,35,400,64.0,23.0,22.0,45.0
177,Andhra Pradesh,2,Rice,NLR 33057,Rabi,275,35,400,86.0,34.0,34.0,50.0
178,Andhra Pradesh,2,Rice,NLR 33057,Rabi,300,40,450,51.0,13.0,12.0,45.0
179,Andhra Pradesh,2,Rice,NLR 33057,Rabi,300,40,450,74.0,24.0,23.0,50.0
180,Andhra Pradesh,2,Rice,NLR 33057,Rabi,325,45,50,38.0,3.0,2.0,45.0
181,Andhra Pradesh,2,Rice,NLR 33057,Rabi,325,45,50,61.0,13.0,13.0,50.0
182,Andhra Pradesh,2,Rice,NLR 33057,Rabi,350,50,550,25.0,2.0,2.0,45.0
183,Andhra Pradesh,2,Rice,NLR 33057,Rabi,350,50,550,48.0,3.0,2.0,50.0
184,Andhra Pradesh,2,Rice,NLR 33057,Rabi,375,55,600,12.0,2.0,2.0,45.0
185,Andhra Pradesh,2,Rice,NLR 33057,Rabi,375,55,600,35.0,2.0,2.0,50.0
186,Andhra Pradesh,2,Rice,NLR 33057,Rabi,400,60,650,12.0,2.0,2.0,45.0
187,Andhra Pradesh,2,Rice,NLR 33057,Rabi,400,60,650,35.0,2.0,2.0,50.0
188,Andhra Pradesh,2,Rice,IR-64,Rabi,200,10,200,130.0,118.0,95.0,70.0
189,Andhra Pradesh,2,Rice,IR-64,Rabi,200,10,200,156.0,138.0,115.0,80.0
190,Andhra Pradesh,2,Rice,IR-64,Rabi,225,15,250,123.0,108.0,85.0,70.0
191,Andhra Pradesh,2,Rice,IR-64,Rabi,225,15,250,149.0,128.0,101.0,80.0
192,Andhra Pradesh,2,Rice,IR-64,Rabi,250,20,300,116.0,97.0,74.0,70.0
193,Andhra Pradesh,2,Rice,IR-64,Rabi,250,20,300,142.0,117.0,94.0,80.0
194,Andhra Pradesh,2,Rice,IR-64,Rabi,275,25,350,109.0,86.0,64.0,70.0
195,Andhra Pradesh,2,Rice,IR-64,Rabi,275,25,350,135.0,106.0,85.0,80.0
196,Andhra Pradesh,2,Rice,IR-64,Rabi,300,30,400,102.0,75.0,53.0,70.0
197,Andhra Pradesh,2,Rice,IR-64,Rabi,300,30,400,128.0,95.0,75.0,80.0
198,Andhra Pradesh,2,Rice,IR-64,Rabi,325,35,450,95.0,64.0,43.0,70.0
199,Andhra Pradesh,2,Rice,IR-64,Rabi,325,35,450,121.0,84.0,66.0,80.0
200,Andhra Pradesh,2,Rice,IR-64,Rabi,350,40,500,88.0,54.0,32.0,70.0
201,Andhra Pradesh,2,Rice,IR-64,Rabi,350,40,500,114.0,74.0,56.0,80.0
202,Andhra Pradesh,2,Rice,IR-64,Rabi,375,45,550,81.0,43.0,22.0,70.0
203,Andhra Pradesh,2,Rice,IR-64,Rabi,375,45,550,107.0,63.0,47.0,80.0
204,Andhra Pradesh,2,Rice,IR-64,Rabi,400,50,600,74.0,32.0,11.0,70.0
205,Andhra Pradesh,2,Rice,IR-64,Rabi,400,50,600,100.0,52.0,37.0,80.0
206,Andhra Pradesh,2,Rice,IR-64,Rabi,425,55,650,67.0,21.0,10.0,70.0
207,Andhra Pradesh,2,Rice,IR-64,Rabi,425,55,650,93.0,41.0,28.0,80.0
208,Andhra Pradesh,2,Rice,IR-64,Rabi,450,60,700,60.0,10.0,10.0,70.0
209,Andhra Pradesh,2,Rice,IR-64,Rabi,450,60,700,86.0,30.0,18.0,80.0
210,Andhra Pradesh,5,Rice,Tellahamsa,Rabi,150,10,150,139.0,65.0,67.0,70.0
211,Andhra Pradesh,5,Rice,Tellahamsa,Rabi,150,10,150,155.0,73.0,75.0,80.0
212,Andhra Pradesh,5,Rice,Tellahamsa,Rabi,175,15,200,132.0,56.0,59.0,70.0
213,Andhra Pradesh,5,Rice,Tellahamsa,Rabi,175,15,200,148.0,64.0,67.0,80.0
214,Andhra Pradesh,5,Rice,Tellahamsa,Rabi,200,20,250,126.0,47.0,51.0,70.0
215,Andhra Pradesh,5,Rice,Tellahamsa,Rabi,200,20,250,142.0,55.0,59.0,80.0
216,Andhra Pradesh,5,Rice,Tellahamsa,Rabi,225,25,300,119.0,38.0,43.0,70.0
217,Andhra Pradesh,5,Rice,Tellahamsa,Rabi,225,25,300,135.0,46.0,51.0,80.0
218,Andhra Pradesh,5,Rice,Tellahamsa,Rabi,250,30,350,113.0,29.0,35.0,70.0
219,Andhra Pradesh,5,Rice,Tellahamsa,Rabi,250,30,350,129.0,37.0,43.0,80.0
220,Andhra Pradesh,5,Rice,Tellahamsa,Rabi,275,35,400,106.0,20.0,27.0,70.0
221,Andhra Pradesh,5,Rice,Tellahamsa,Rabi,275,35,400,122.0,28.0,35.0,80.0
222,Andhra Pradesh,5,Rice,Tellahamsa,Rabi,300,40,450,100.0,11.0,19.0,70.0
223,Andhra Pradesh,5,Rice,Tellahamsa,Rabi,300,40,450,116.0,19.0,27.0,80.0
224,Andhra Pradesh,5,Rice,Tellahamsa,Rabi,325,45,500,93.0,2.0,11.0,70.0
225,Andhra Pradesh,5,Rice,Tellahamsa,Rabi,325,45,500,109.0,10.0,19.0,80.0
226,Andhra Pradesh,5,Rice,Tellahamsa,Rabi,350,50,550,87.0,2.0,3.0,70.0
227,Andhra Pradesh,5,Rice,Tellahamsa,Rabi,350,50,550,103.0,1.0,11.0,80.0
228,Andhra Pradesh,5,Rice,Tellahamsa,Rabi,375,55,600,80.0,2.0,2.0,70.0
229,Andhra Pradesh,5,Rice,Tellahamsa,Rabi,375,55,600,96.0,2.0,3.0,80.0
230,Andhra Pradesh,5,Rice,Tellahamsa,Rabi,400,60,650,74.0,2.0,2.0,70.0
231,Andhra Pradesh,5,Rice,Tellahamsa,Rabi,400,60,650,90.0,2.0,2.0,80.0
232,Andhra Pradesh,4,Rice,Tellahamsa,Rabi,150,10,150,129.0,78.0,65.0,60.0
233,Andhra Pradesh,4,Rice,Tellahamsa,Rabi,150,10,150,165.0,95.0,80.0,70.0
234,Andhra Pradesh,4,Rice,Tellahamsa,Rabi,175,15,200,115.0,66.0,57.0,60.0
235,Andhra Pradesh,4,Rice,Tellahamsa,Rabi,175,15,200,151.0,83.0,72.0,70.0
236,Andhra Pradesh,4,Rice,Tellahamsa,Rabi,200,20,250,101.0,53.0,49.0,60.0
237,Andhra Pradesh,4,Rice,Tellahamsa,Rabi,200,20,250,137.0,71.0,64.0,70.0
238,Andhra Pradesh,4,Rice,Tellahamsa,Rabi,225,25,300,87.0,41.0,41.0,60.0
239,Andhra Pradesh,4,Rice,Tellahamsa,Rabi,225,25,300,122.0,58.0,56.0,70.0
240,Andhra Pradesh,4,Rice,Tellahamsa,Rabi,250,30,350,72.0,29.0,33.0,60.0
241,Andhra Pradesh,4,Rice,Tellahamsa,Rabi,250,30,350,108.0,46.0,48.0,70.0
242,Andhra Pradesh,4,Rice,Tellahamsa,Rabi,275,35,400,58.0,17.0,25.0,60.0
243,Andhra Pradesh,4,Rice,Tellahamsa,Rabi,275,35,400,94.0,34.0,40.0,70.0
244,Andhra Pradesh,4,Rice,Tellahamsa,Rabi,300,40,450,44.0,4.0,15.0,60.0
245,Andhra Pradesh,4,Rice,Tellahamsa,Rabi,300,40,450,80.0,21.0,32.0,70.0
246,Andhra Pradesh,4,Rice,Tellahamsa,Rabi,325,45,500,30.0,2.0,7.0,60.0
247,Andhra Pradesh,4,Rice,Tellahamsa,Rabi,325,45,500,65.0,9.0,24.0,70.0
248,Andhra Pradesh,4,Rice,Tellahamsa,Rabi,350,50,550,15.0,2.0,5.0,60.0
249,Andhra Pradesh,4,Rice,Tellahamsa,Rabi,350,50,550,51.0,9.0,16.0,70.0
250,Andhra Pradesh,4,Rice,Tellahamsa,Rabi,375,55,600,10.0,2.0,5.0,60.0
251,Andhra Pradesh,4,Rice,Tellahamsa,Rabi,375,55,600,37.0,9.0,8.0,70.0
252,Andhra Pradesh,4,Rice,Tellahamsa,Rabi,400,60,650,10.0,2.0,5.0,60.0
253,Andhra Pradesh,4,Rice,Tellahamsa,Rabi,400,60,650,23.0,9.0,8.0,70.0
254,Andhra Pradesh,0,Rice,Pothana,Rabi,150,10,150,143.0,111.0,64.0,55.0
255,Andhra Pradesh,0,Rice,Pothana,Rabi,150,10,150,163.0,124.0,79.0,60.0
256,Andhra Pradesh,0,Rice,Pothana,Rabi,175,15,200,130.0,93.0,60.0,55.0
257,Andhra Pradesh,0,Rice,Pothana,Rabi,175,15,200,151.0,106.0,75.0,60.0
258,Andhra Pradesh,0,Rice,Pothana,Rabi,200,20,250,118.0,75.0,56.0,55.0
259,Andhra Pradesh,0,Rice,Pothana,Rabi,200,20,250,138.0,87.0,71.0,60.0
260,Andhra Pradesh,0,Rice,Pothana,Rabi,225,25,300,106.0,58.0,52.0,55.0
261,Andhra Pradesh,0,Rice,Pothana,Rabi,225,25,300,126.0,71.0,67.0,60.0
262,Andhra Pradesh,0,Rice,Pothana,Rabi,250,30,350,93.0,40.0,48.0,55.0
263,Andhra Pradesh,0,Rice,Pothana,Rabi,250,30,350,113.0,53.0,63.0,60.0
264,Andhra Pradesh,0,Rice,Pothana,Rabi,275,35,400,81.0,23.0,44.0,55.0
265,Andhra Pradesh,0,Rice,Pothana,Rabi,275,35,400,101.0,36.0,59.0,60.0
266,Andhra Pradesh,0,Rice,Pothana,Rabi,300,40,450,68.0,5.0,40.0,55.0
267,Andhra Pradesh,0,Rice,Pothana,Rabi,300,40,450,88.0,18.0,55.0,60.0
268,Andhra Pradesh,0,Rice,Pothana,Rabi,325,45,500,56.0,5.0,36.0,55.0
269,Andhra Pradesh,0,Rice,Pothana,Rabi,325,45,500,76.0,15.0,51.0,60.0
270,Andhra Pradesh,0,Rice,Pothana,Rabi,350,50,550,43.0,5.0,32.0,55.0
271,Andhra Pradesh,0,Rice,Pothana,Rabi,350,50,550,63.0,15.0,47.0,60.0
272,Andhra Pradesh,0,Rice,Pothana,Rabi,375,55,600,31.0,5.0,28.0,55.0
273,Andhra Pradesh,0,Rice,Pothana,Rabi,375,55,600,51.0,15.0,43.0,60.0
274,Andhra Pradesh,0,Rice,Pothana,Rabi,400,60,650,18.0,5.0,24.0,55.0
275,Andhra Pradesh,0,Rice,Pothana,Rabi,400,60,650,38.0,15.0,39.0,60.0
276,New Delhi,6,Rice,Generic,Kharif,100,10,100,200.0,120.0,95.0,50.0
277,New Delhi,6,Rice,Generic,Kharif,100,10,100,250.0,120.0,120.0,60.0
278,New Delhi,6,Rice,Generic,Kharif,125,13,125,190.0,120.0,90.0,50.0
279,New Delhi,6,Rice,Generic,Kharif,125,13,125,235.0,120.0,115.0,60.0
280,New Delhi,6,Rice,Generic,Kharif,150,15,150,175.0,105.0,85.0,50.0
281,New Delhi,6,Rice,Generic,Kharif,150,15,150,225.0,120.0,105.0,60.0
282,New Delhi,6,Rice,Generic,Kharif,175,18,175,165.0,85.0,80.0,50.0
283,New Delhi,6,Rice,Generic,Kharif,175,18,175,215.0,120.0,100.0,60.0
284,New Delhi,6,Rice,Generic,Kharif,200,20,200,155.0,70.0,75.0,50.0
285,New Delhi,6,Rice,Generic,Kharif,200,20,200,200.0,115.0,95.0,60.0
286,New Delhi,6,Rice,Generic,Kharif,225,23,225,140.0,50.0,70.0,50.0
287,New Delhi,6,Rice,Generic,Kharif,225,23,225,190.0,95.0,90.0,60.0
288,New Delhi,6,Rice,Generic,Kharif,250,25,250,130.0,30.0,65.0,50.0
289,New Delhi,6,Rice,Generic,Kharif,250,25,250,180.0,75.0,85.0,60.0
290,New Delhi,6,Rice,Generic,Kharif,275,28,275,120.0,10.0,60.0,50.0
291,New Delhi,6,Rice,Generic,Kharif,275,28,275,165.0,55.0,80.0,60.0
292,New Delhi,6,Rice,Generic,Kharif,300,30,300,105.0,10.0,55.0,50.0
293,New Delhi,6,Rice,Generic,Kharif,300,30,300,155.0,35.0,75.0,60.0
294,New Delhi,6,Rice,Generic,Kharif,325,33,325,95.0,10.0,50.0,50.0
295,New Delhi,6,Rice,Generic,Kharif,325,33,325,145.0,15.0,70.0,60.0
296,New Delhi,6,Rice,Generic,Kharif,350,36,350,85.0,10.0,45.0,50.0
297,New Delhi,6,Rice,Generic,Kharif,350,36,350,130.0,15.0,65.0,60.0
298,New Delhi,6,Rice,Generic,Kharif,375,38,375,70.0,10.0,35.0,50.0
299,New Delhi,6,Rice,Generic,Kharif,375,38,375,120.0,15.0,60.0,60.0
300,Bihar,7,Rice,Generic,Kharif,120,4,60,88.0,62.0,51.0,25.0
301,Bihar,7,Rice,Generic,Kharif,120,4,60,118.0,76.0,70.0,30.0
302,Bihar,7,Rice,Generic,Kharif,130,6,70,82.0,58.0,44.0,25.0
303,Bihar,7,Rice,Generic,Kharif,130,6,70,113.0,72.0,63.0,30.0
304,Bihar,7,Rice,Generic,Kharif,140,8,80,77.0,53.0,37.0,25.0
305,Bihar,7,Rice,Generic,Kharif,140,8,80,107.0,68.0,56.0,30.0
306,Bihar,7,Rice,Generic,Kharif,150,10,90,71.0,49.0,30.0,25.0
307,Bihar,7,Rice,Generic,Kharif,150,10,90,102.0,63.0,49.0,30.0
308,Bihar,7,Rice,Generic,Kharif,160,12,100,66.0,45.0,23.0,25.0
309,Bihar,7,Rice,Generic,Kharif,160,12,100,96.0,59.0,42.0,30.0
310,Bihar,7,Rice,Generic,Kharif,170,14,110,60.0,41.0,16.0,25.0
311,Bihar,7,Rice,Generic,Kharif,170,14,110,91.0,55.0,35.0,30.0
312,Bihar,7,Rice,Generic,Kharif,180,16,120,55.0,36.0,10.0,25.0
313,Bihar,7,Rice,Generic,Kharif,180,16,120,85.0,50.0,28.0,30.0
314,Bihar,7,Rice,Generic,Kharif,190,18,130,49.0,32.0,10.0,25.0
315,Bihar,7,Rice,Generic,Kharif,190,18,130,80.0,46.0,21.0,30.0
316,Bihar,7,Rice,Generic,Kharif,200,20,140,44.0,28.0,10.0,25.0
317,Bihar,7,Rice,Generic,Kharif,200,20,140,74.0,42.0,14.0,30.0
318,Bihar,7,Rice,Generic,Kharif,210,22,150,38.0,23.0,10.0,25.0
319,Bihar,7,Rice,Generic,Kharif,210,22,150,69.0,37.0,10.0,30.0
320,Bihar,7,Rice,Generic,Kharif,220,24,160,33.0,19.0,10.0,25.0
321,Bihar,7,Rice,Generic,Kharif,220,24,160,63.0,33.0,10.0,30.0
322,Bihar,7,Rice,Generic,Kharif,230,26,170,25.0,15.0,10.0,25.0
323,Bihar,7,Rice,Generic,Kharif,230,26,170,58.0,29.0,10.0,30.0
324,Bihar,7,Rice,Generic,Kharif,240,28,180,25.0,15.0,10.0,25.0
325,Bihar,7,Rice,Generic,Kharif,240,28,180,52.0,24.0,10.0,30.0
326,Bihar,7,Rice,Generic,Kharif,250,30,190,25.0,15.0,10.0,25.0
327,Bihar,7,Rice,Generic,Kharif,250,30,190,47.0,20.0,10.0,30.0
328,West Bengal,1,Rice,IET-4094,Kharif,250,5,100,111.0,84.0,87.0,3.5
329,West Bengal,1,Rice,IET-4094,Kharif,250,5,100,129.0,98.0,90.0,4.0
330,West Bengal,1,Rice,IET-4094,Kharif,275,10,150,102.0,84.0,87.0,3.5
331,West Bengal,1,Rice,IET-4094,Kharif,275,10,150,120.0,98.0,90.0,4.0
332,West Bengal,1,Rice,IET-4094,Kharif,300,15,200,93.0,84.0,87.0,3.5
333,West Bengal,1,Rice,IET-4094,Kharif,300,15,200,111.0,98.0,90.0,4.0
334,West Bengal,1,Rice,IET-4094,Kharif,325,20,250,84.0,84.0,87.0,3.5
335,West Bengal,1,Rice,IET-4094,Kharif,325,20,250,102.0,94.0,90.0,4.0
336,West Bengal,1,Rice,IET-4094,Kharif,350,25,300,76.0,80.0,87.0,3.5
337,West Bengal,1,Rice,IET-4094,Kharif,350,25,300,94.0,89.0,100.0,4.0
338,West Bengal,1,Rice,IET-4094,Kharif,375,30,350,67.0,75.0,77.0,3.5
339,West Bengal,1,Rice,IET-4094,Kharif,375,30,350,85.0,85.0,90.0,4.0
340,West Bengal,1,Borp Rice,IET-4789,Boro,250,5,100,117.0,90.0,71.0,55.0
341,West Bengal,1,Borp Rice,IET-4789,Boro,250,5,100,139.0,99.0,80.0,60.0
342,West Bengal,1,Borp Rice,IET-4789,Boro,275,10,150,103.0,85.0,61.0,55.0
343,West Bengal,1,Borp Rice,IET-4789,Boro,275,10,150,126.0,94.0,69.0,60.0
344,West Bengal,1,Borp Rice,IET-4789,Boro,300,15,200,90.0,80.0,50.0,55.0
345,West Bengal,1,Borp Rice,IET-4789,Boro,300,15,200,113.0,89.0,59.0,60.0
346,West Bengal,1,Borp Rice,IET-4789,Boro,325,20,250,77.0,75.0,40.0,55.0
347,West Bengal,1,Borp Rice,IET-4789,Boro,325,20,250,100.0,83.0,48.0,60.0
348,West Bengal,1,Borp Rice,IET-4789,Boro,350,25,300,64.0,69.0,29.0,55.0
349,West Bengal,1,Borp Rice,IET-4789,Boro,350,25,300,86.0,78.0,38.0,60.0
350,West Bengal,1,Borp Rice,IET-4789,Boro,375,30,350,50.0,64.0,19.0,55.0
351,West Bengal,1,Borp Rice,IET-4789,Boro,375,30,350,73.0,73.0,27.0,60.0
352,Maharashtra,8,Sugarcane,Adsali,autun-spring,100,6,200,612.0,256.0,252.0,175.0
353,Maharashtra,8,Sugarcane,Adsali,autun-spring,100,6,200,722.0,297.0,298.0,200.0
354,Maharashtra,8,Sugarcane,Adsali,autun-spring,120,8,300,581.0,247.0,215.0,175.0
355,Maharashtra,8,Sugarcane,Adsali,autun-spring,120,8,300,691.0,288.0,261.0,200.0
356,Maharashtra,8,Sugarcane,Adsali,autun-spring,140,10,400,550.0,238.0,178.0,175.0
357,Maharashtra,8,Sugarcane,Adsali,autun-spring,140,10,400,660.0,278.0,224.0,200.0
358,Maharashtra,8,Sugarcane,Adsali,autun-spring,160,12,500,519.0,229.0,141.0,175.0
359,Maharashtra,8,Sugarcane,Adsali,autun-spring,160,12,500,628.0,269.0,187.0,200.0
360,Maharashtra,8,Sugarcane,Adsali,autun-spring,180,14,600,487.0,220.0,104.0,175.0
361,Maharashtra,8,Sugarcane,Adsali,autun-spring,180,14,600,597.0,260.0,150.0,200.0
362,Maharashtra,8,Sugarcane,Adsali,autun-spring,200,16,700,456.0,211.0,67.0,175.0
363,Maharashtra,8,Sugarcane,Adsali,autun-spring,200,16,700,566.0,251.0,113.0,200.0
364,Maharashtra,9,Sorghum,CSH-9,Kharif,100,6,200,87.0,47.0,90.0,40.0
365,Maharashtra,9,Sorghum,CSH-9,Kharif,100,6,200,110.0,58.0,106.0,45.0
366,Maharashtra,9,Sorghum,CSH-9,Kharif,120,8,300,68.0,33.0,68.0,40.0
367,Maharashtra,9,Sorghum,CSH-9,Kharif,120,8,300,91.0,44.0,84.0,45.0
368,Maharashtra,9,Sorghum,CSH-9,Kharif,140,10,400,49.0,19.0,46.0,40.0
369,Maharashtra,9,Sorghum,CSH-9,Kharif,140,10,400,72.0,30.0,62.0,45.0
370,Maharashtra,9,Sorghum,CSH-9,Kharif,160,12,500,30.0,25.0,24.0,40.0
371,Maharashtra,9,Sorghum,CSH-9,Kharif,160,12,500,52.0,16.0,40.0,45.0
372,Maharashtra,9,Sorghum,CSH-9,Kharif,180,14,600,10.0,25.0,25.0,40.0
373,Maharashtra,9,Sorghum,CSH-9,Kharif,180,14,600,33.0,25.0,18.0,45.0
374,Maharashtra,9,Sorghum,CSH-9,Kharif,200,14,700,25.0,25.0,25.0,40.0
375,Maharashtra,9,Sorghum,CSH-9,Kharif,200,14,700,14.0,25.0,25.0,45.0
376,Maharashtra,8,Sorghum,CSH-8 R,Rabi,100,6,200,158.0,74.0,102.0,50.0
377,Maharashtra,8,Sorghum,CSH-8 R,Rabi,100,6,200,205.0,94.0,135.0,60.0
378,Maharashtra,8,Sorghum,CSH-8 R,Rabi,120,8,250,143.0,66.0,85.0,50.0
379,Maharashtra,8,Sorghum,CSH-8 R,Rabi,120,8,250,190.0,86.0,119.0,60.0
380,Maharashtra,8,Sorghum,CSH-8 R,Rabi,140,10,300,127.0,57.0,69.0,50.0
381,Maharashtra,8,Sorghum,CSH-8 R,Rabi,140,10,300,174.0,77.0,102.0,60.0
382,Maharashtra,8,Sorghum,CSH-8 R,Rabi,160,12,350,112.0,49.0,52.0,50.0
383,Maharashtra,8,Sorghum,CSH-8 R,Rabi,160,12,350,159.0,69.0,86.0,60.0
384,Maharashtra,8,Sorghum,CSH-8 R,Rabi,180,14,400,96.0,40.0,36.0,50.0
385,Maharashtra,8,Sorghum,CSH-8 R,Rabi,180,14,400,143.0,60.0,69.0,60.0
386,Maharashtra,8,Sorghum,CSH-8 R,Rabi,200,16,450,81.0,31.0,19.0,50.0
387,Maharashtra,8,Sorghum,CSH-8 R,Rabi,200,16,450,128.0,51.0,53.0,60.0
388,Maharashtra,8,Sorghum,CSH-8 R,Rabi,220,18,500,66.0,23.0,25.0,50.0
389,Maharashtra,8,Sorghum,CSH-8 R,Rabi,220,18,500,113.0,43.0,36.0,60.0
390,Maharashtra,8,Sorghum,CSH-8 R,Rabi,240,20,500,50.0,14.0,25.0,50.0
391,Maharashtra,8,Sorghum,CSH-8 R,Rabi,240,20,500,97.0,34.0,25.0,60.0
392,Maharashtra,6,Finger Millet,Nagli RAU-8,-,100,6,200,30.0,28.0,10.0,12.0
393,Maharashtra,6,Finger Millet,Nagli RAU-8,-,100,6,200,57.0,45.0,17.0,18.0
394,Maharashtra,6,Finger Millet,Nagli RAU-8,-,120,8,300,26.0,25.0,25.0,12.0
395,Maharashtra,6,Finger Millet,Nagli RAU-8,-,120,8,300,52.0,43.0,15.0,18.0
396,Maharashtra,6,Finger Millet,Nagli RAU-8,-,140,10,400,21.0,22.0,25.0,12.0
397,Maharashtra,6,Finger Millet,Nagli RAU-8,-,140,10,400,48.0,40.0,25.0,18.0
398,Maharashtra,6,Finger Millet,Nagli RAU-8,-,160,12,500,17.0,20.0,25.0,12.0
399,Maharashtra,6,Finger Millet,Nagli RAU-8,-,160,12,500,43.0,37.0,25.0,18.0
400,Maharashtra,6,Finger Millet,Nagli RAU-8,-,180,14,600,25.0,17.0,25.0,12.0
401,Maharashtra,6,Finger Millet,Nagli RAU-8,-,180,14,600,39.0,35.0,25.0,18.0
402,Maharashtra,6,Finger Millet,Nagli RAU-8,-,200,16,700,25.0,14.0,25.0,12.0
403,Maharashtra,6,Finger Millet,Nagli RAU-8,-,200,16,700,34.0,32.0,25.0,18.0
404,Maharashtra,8,Fodder Maize,African tall,Summer,100,6,200,203.6,56.02,72.0,40.0
405,Maharashtra,8,Fodder Maize,African tall,Summer,100,6,200,268.5,71.12,96.5,50.0
406,Maharashtra,8,Fodder Maize,African tall,Summer,120,8,300,192.4,54.56,59.0,40.0
407,Maharashtra,8,Fodder Maize,African tall,Summer,120,8,300,257.3,69.66,83.5,50.0
408,Maharashtra,8,Fodder Maize,African tall,Summer,140,10,400,181.2,53.1,46.0,40.0
409,Maharashtra,8,Fodder Maize,African tall,Summer,140,10,400,246.1,68.2,70.5,50.0
410,Maharashtra,8,Fodder Maize,African tall,Summer,160,12,500,170.0,51.64,33.0,40.0
411,Maharashtra,8,Fodder Maize,African tall,Summer,160,12,500,234.9,66.74,57.5,50.0
412,Maharashtra,8,Fodder Maize,African tall,Summer,180,14,600,158.8,50.18,20.0,40.0
413,Maharashtra,8,Fodder Maize,African tall,Summer,180,14,600,223.7,65.28,44.5,50.0
414,Maharashtra,8,Fodder Maize,African tall,Summer,200,16,700,147.6,48.72,25.0,40.0
415,Maharashtra,8,Fodder Maize,African tall,Summer,200,16,700,215.5,63.82,31.5,50.0
416,Maharashtra,8,Cotton,RHR-253,Kharif,100,6,250,187.0,119.0,126.0,20.0
417,Maharashtra,8,Cotton,RHR-253,Kharif,100,6,250,239.0,146.0,160.0,24.0
418,Maharashtra,8,Cotton,RHR-253,Kharif,120,10,300,172.0,108.0,117.0,20.0
419,Maharashtra,8,Cotton,RHR-253,Kharif,120,10,300,224.0,135.0,151.0,24.0
420,Maharashtra,8,Cotton,RHR-253,Kharif,140,14,350,157.0,96.0,108.0,20.0
421,Maharashtra,8,Cotton,RHR-253,Kharif,140,14,350,209.0,124.0,142.0,24.0
422,Maharashtra,8,Cotton,RHR-253,Kharif,160,18,400,142.0,85.0,99.0,20.0
423,Maharashtra,8,Cotton,RHR-253,Kharif,160,18,400,194.0,112.0,133.0,24.0
424,Maharashtra,8,Cotton,RHR-253,Kharif,180,22,450,127.0,68.0,90.0,20.0
425,Maharashtra,8,Cotton,RHR-253,Kharif,180,22,450,179.0,95.0,124.0,24.0
426,Maharashtra,8,Cotton,RHR-253,Kharif,200,26,500,112.0,57.0,81.0,20.0
427,Maharashtra,8,Cotton,RHR-253,Kharif,200,26,500,164.0,84.0,115.0,24.0
428,Maharashtra,8,Cotton,RHR-253,Kharif,220,30,550,97.0,45.0,72.0,20.0
429,Maharashtra,8,Cotton,RHR-253,Kharif,220,30,550,149.0,73.0,106.0,24.0
430,Maharashtra,8,Cotton,RHR-253,Kharif,240,34,600,82.0,34.0,63.0,20.0
431,Maharashtra,8,Cotton,RHR-253,Kharif,240,34,600,139.0,61.0,97.0,24.0
432,Maharashtra,8,Cotton,RHR-253,Kharif,100,6,250,187.0,119.0,126.0,20.0
433,Maharashtra,8,Cotton,RHR-253,Kharif,100,6,250,239.0,146.0,160.0,24.0
434,Maharashtra,8,Cotton,RHR-253,Kharif,120,10,300,172.0,108.0,117.0,20.0
435,Maharashtra,8,Cotton,RHR-253,Kharif,120,10,300,224.0,135.0,151.0,24.0
436,Maharashtra,8,Cotton,RHR-253,Kharif,140,14,350,157.0,96.0,108.0,20.0
437,Maharashtra,8,Cotton,RHR-253,Kharif,140,14,350,209.0,124.0,142.0,24.0
438,Maharashtra,8,Cotton,RHR-253,Kharif,160,18,400,142.0,85.0,99.0,20.0
439,Maharashtra,8,Cotton,RHR-253,Kharif,160,18,400,194.0,112.0,133.0,24.0
440,Maharashtra,8,Cotton,RHR-253,Kharif,180,22,450,127.0,68.0,90.0,20.0
441,Maharashtra,8,Cotton,RHR-253,Kharif,180,22,450,179.0,95.0,124.0,24.0
442,Maharashtra,8,Cotton,RHR-253,Kharif,200,26,500,112.0,57.0,81.0,20.0
443,Maharashtra,8,Cotton,RHR-253,Kharif,200,26,500,164.0,84.0,115.0,24.0
444,Maharashtra,8,Cotton,RHR-253,Kharif,220,30,550,97.0,45.0,72.0,20.0
445,Maharashtra,8,Cotton,RHR-253,Kharif,220,30,550,149.0,73.0,106.0,24.0
446,Maharashtra,8,Cotton,RHR-253,Kharif,240,34,600,82.0,34.0,63.0,20.0
447,Maharashtra,8,Cotton,RHR-253,Kharif,240,34,600,139.0,61.0,97.0,24.0
448,Maharashtra,10,Sugarcane,Co 86032,Seasonal,100,6,200,342.0,115.0,231.0,100.0
449,Maharashtra,10,Sugarcane,Co 86032,Seasonal,100,6,200,437.0,140.0,286.0,120.0
450,Maharashtra,10,Sugarcane,Co 86032,Seasonal,120,8,300,315.0,112.0,210.0,100.0
451,Maharashtra,10,Sugarcane,Co 86032,Seasonal,120,8,300,410.0,136.0,265.0,120.0
452,Maharashtra,10,Sugarcane,Co 86032,Seasonal,140,10,400,288.0,109.0,181.0,100.0
453,Maharashtra,10,Sugarcane,Co 86032,Seasonal,140,10,400,384.0,133.0,244.0,120.0
454,Maharashtra,10,Sugarcane,Co 86032,Seasonal,160,12,500,261.0,105.0,168.0,100.0
455,Maharashtra,10,Sugarcane,Co 86032,Seasonal,160,12,500,357.0,130.0,223.0,120.0
456,Maharashtra,10,Sugarcane,Co 86032,Seasonal,180,14,600,234.0,102.0,147.0,100.0
457,Maharashtra,10,Sugarcane,Co 86032,Seasonal,180,14,600,330.0,127.0,202.0,120.0
458,Maharashtra,10,Sugarcane,Co 86032,Seasonal,200,16,700,207.0,99.0,134.0,100.0
459,Maharashtra,10,Sugarcane,Co 86032,Seasonal,200,16,700,303.0,124.0,181.0,120.0
460,Maharashtra,6,Groundnut,Phule Pragati,Kharif,100,6,200,46.0,73.0,31.0,20.0
461,Maharashtra,6,Groundnut,Phule Pragati,Kharif,100,6,200,67.0,98.0,47.0,25.0
462,Maharashtra,6,Groundnut,Phule Pragati,Kharif,120,8,250,39.0,64.0,23.0,20.0
463,Maharashtra,6,Groundnut,Phule Pragati,Kharif,120,8,250,60.0,89.0,39.0,25.0
464,Maharashtra,6,Groundnut,Phule Pragati,Kharif,140,10,300,31.0,56.0,15.0,20.0
465,Maharashtra,6,Groundnut,Phule Pragati,Kharif,140,10,300,52.0,80.0,31.0,25.0
466,Maharashtra,6,Groundnut,Phule Pragati,Kharif,160,12,350,24.0,47.0,25.0,20.0
467,Maharashtra,6,Groundnut,Phule Pragati,Kharif,160,12,350,45.0,72.0,23.0,25.0
468,Maharashtra,6,Groundnut,Phule Pragati,Kharif,180,14,400,17.0,38.0,25.0,20.0
469,Maharashtra,6,Groundnut,Phule Pragati,Kharif,180,14,400,37.0,63.0,15.0,25.0
470,Maharashtra,6,Groundnut,Phule Pragati,Kharif,200,16,450,25.0,29.0,25.0,20.0
471,Maharashtra,6,Groundnut,Phule Pragati,Kharif,200,16,450,30.0,54.0,25.0,25.0
472,Maharashtra,6,Groundnut,Phule Pragati,Kharif,220,18,500,25.0,21.0,25.0,20.0
473,Maharashtra,6,Groundnut,Phule Pragati,Kharif,220,18,500,23.0,46.0,25.0,25.0
474,Maharashtra,6,Groundnut,SB-IX,Summer,100,6,200,65.0,169.0,61.0,20.0
475,Maharashtra,6,Groundnut,SB-IX,Summer,100,6,200,85.0,210.0,77.0,25.0
476,Maharashtra,6,Groundnut,SB-IX,Summer,120,8,300,57.0,157.0,51.0,20.0
477,Maharashtra,6,Groundnut,SB-IX,Summer,120,8,300,77.0,198.0,67.0,25.0
478,Maharashtra,6,Groundnut,SB-IX,Summer,140,10,400,49.0,144.0,41.0,20.0
479,Maharashtra,6,Groundnut,SB-IX,Summer,140,10,400,69.0,185.0,57.0,25.0
480,Maharashtra,6,Groundnut,SB-IX,Summer,160,12,500,41.0,132.0,31.0,20.0
481,Maharashtra,6,Groundnut,SB-IX,Summer,160,12,500,61.0,173.0,47.0,25.0
482,Maharashtra,6,Groundnut,SB-IX,Summer,180,14,600,33.0,120.0,21.0,20.0
483,Maharashtra,6,Groundnut,SB-IX,Summer,180,14,600,53.0,161.0,37.0,25.0
484,Maharashtra,6,Groundnut,SB-IX,Summer,200,16,700,25.0,107.0,11.0,20.0
485,Maharashtra,6,Groundnut,SB-IX,Summer,200,16,700,45.0,149.0,27.0,25.0
486,Maharashtra,8,Soybean,JS-335,Kharif,100,6,200,104.0,127.0,73.0,25.0
487,Maharashtra,8,Soybean,JS-335,Kharif,100,6,200,60.0,85.0,63.0,25.0
488,Maharashtra,8,Soybean,JS-335,Kharif,120,8,300,90.0,119.0,60.0,25.0
489,Maharashtra,8,Soybean,JS-335,Kharif,120,8,300,52.0,79.0,52.0,25.0
490,Maharashtra,8,Soybean,JS-335,Kharif,140,10,400,76.0,110.0,47.0,25.0
491,Maharashtra,8,Soybean,JS-335,Kharif,140,10,400,44.0,73.0,41.0,25.0
492,Maharashtra,8,Soybean,JS-335,Kharif,160,12,500,63.0,101.0,34.0,25.0
493,Maharashtra,8,Soybean,JS-335,Kharif,160,12,500,36.0,67.0,30.0,25.0
494,Maharashtra,8,Soybean,JS-335,Kharif,180,14,600,49.0,92.0,21.0,25.0
495,Maharashtra,8,Soybean,JS-335,Kharif,180,14,600,29.0,61.0,19.0,25.0
496,Maharashtra,8,Soybean,JS-335,Kharif,200,16,700,36.0,83.0,25.0,25.0
497,Maharashtra,8,Soybean,JS-335,Kharif,200,16,700,21.0,56.0,25.0,25.0
498,Maharashtra,8,Soybean,JS-335,Kharif,220,18,800,22.0,74.0,25.0,25.0
499,Maharashtra,8,Soybean,JS-335,Kharif,220,18,800,13.0,50.0,25.0,25.0
500,Maharashtra,8,Sunflower,SS-56,Kharif,160,8,250,123.0,59.0,45.0,16.0
501,Maharashtra,8,Sunflower,SS-56,Kharif,160,8,250,150.0,74.0,54.0,18.0
502,Maharashtra,8,Sunflower,SS-56,Kharif,180,10,300,110.0,45.0,39.0,16.0
503,Maharashtra,8,Sunflower,SS-56,Kharif,180,10,300,137.0,60.0,48.0,18.0
504,Maharashtra,8,Sunflower,SS-56,Kharif,200,12,350,97.0,31.0,33.0,16.0
505,Maharashtra,8,Sunflower,SS-56,Kharif,200,12,350,124.0,46.0,42.0,18.0
506,Maharashtra,8,Sunflower,SS-56,Kharif,220,14,400,84.0,17.0,27.0,16.0
507,Maharashtra,8,Sunflower,SS-56,Kharif,220,14,400,111.0,32.0,36.0,18.0
508,Maharashtra,8,Sunflower,SS-56,Kharif,240,16,450,71.0,25.0,21.0,16.0
509,Maharashtra,8,Sunflower,SS-56,Kharif,240,16,450,98.0,25.0,30.0,18.0
510,Maharashtra,6,wheat,HD-2189,RABI,100,6,250,237.0,59.0,45.0,40.0
511,Maharashtra,6,wheat,HD-2189,RABI,100,6,250,303.0,78.0,69.0,50.0
512,Maharashtra,6,wheat,HD-2189,RABI,120,8,275,222.0,53.0,40.0,40.0
513,Maharashtra,6,wheat,HD-2189,RABI,120,8,275,288.0,72.0,64.0,50.0
514,Maharashtra,6,wheat,HD-2189,RABI,140,10,300,207.0,47.0,34.0,40.0
515,Maharashtra,6,wheat,HD-2189,RABI,140,10,300,273.0,66.0,58.0,50.0
516,Maharashtra,6,wheat,HD-2189,RABI,160,12,325,193.0,41.0,29.0,40.0
517,Maharashtra,6,wheat,HD-2189,RABI,160,12,325,259.0,60.0,53.0,50.0
518,Maharashtra,6,wheat,HD-2189,RABI,180,14,350,178.0,36.0,23.0,40.0
519,Maharashtra,6,wheat,HD-2189,RABI,180,14,350,244.0,55.0,47.0,50.0
520,Maharashtra,6,wheat,HD-2189,RABI,200,16,375,163.0,30.0,18.0,40.0
521,Maharashtra,6,wheat,HD-2189,RABI,200,16,375,229.0,49.0,42.0,50.0
522,Maharashtra,6,wheat,HD-2189,RABI,220,18,400,149.0,25.0,25.0,40.0
523,Maharashtra,6,wheat,HD-2189,RABI,220,18,400,214.0,43.0,36.0,50.0
524,Maharashtra,6,wheat,HD-2189,RABI,240,20,425,133.0,25.0,25.0,40.0
525,Maharashtra,6,wheat,HD-2189,RABI,240,20,425,199.0,37.0,31.0,50.0
526,Maharashtra,6,wheat,HD-2189,RABI,260,22,450,118.0,25.0,25.0,40.0
527,Maharashtra,6,wheat,HD-2189,RABI,260,22,450,185.0,32.0,25.0,50.0
528,Maharashtra,6,wheat,HD-2189,RABI,280,24,475,103.0,25.0,25.0,40.0
529,Maharashtra,6,wheat,HD-2189,RABI,280,24,475,170.0,26.0,20.0,50.0
530,Maharashtra,6,wheat,HD-2189,RABI,300,26,500,80.0,25.0,25.0,40.0
531,Maharashtra,6,wheat,HD-2189,RABI,300,26,500,155.0,20.0,15.0,50.0
532,Maharashtra,11,Transplanted paddy,Indrayani,0,100,10,200,174.0,239.0,77.0,40.0
533,Maharashtra,11,Transplanted paddy,Indrayani,0,100,10,200,200.0,286.0,91.0,45.0
534,Maharashtra,11,Transplanted paddy,Indrayani,0,150,15,250,157.0,171.0,69.0,40.0
535,Maharashtra,11,Transplanted paddy,Indrayani,0,150,15,250,183.0,218.0,83.0,45.0
536,Maharashtra,11,Transplanted paddy,Indrayani,0,200,20,300,140.0,103.0,61.0,40.0
537,Maharashtra,11,Transplanted paddy,Indrayani,0,200,20,300,166.0,150.0,75.0,45.0
538,Maharashtra,11,Transplanted paddy,Indrayani,0,250,25,350,123.0,35.0,53.0,40.0
539,Maharashtra,11,Transplanted paddy,Indrayani,0,250,25,350,149.0,82.0,67.0,45.0
540,Maharashtra,11,Transplanted paddy,Indrayani,0,300,30,400,106.0,25.0,45.0,40.0
541,Maharashtra,11,Transplanted paddy,Indrayani,0,300,30,400,132.0,25.0,59.0,45.0
542,Maharashtra,6,Upland paddy,R-24,Rabi,100,6,200,112.0,61.0,61.0,30.0
543,Maharashtra,6,Upland paddy,R-24,Rabi,100,6,200,167.0,82.0,84.0,40.0
544,Maharashtra,6,Upland paddy,R-24,Rabi,120,8,300,101.0,59.0,56.0,30.0
545,Maharashtra,6,Upland paddy,R-24,Rabi,120,8,300,156.0,81.0,79.0,40.0
546,Maharashtra,6,Upland paddy,R-24,Rabi,140,10,400,90.0,57.0,51.0,30.0
547,Maharashtra,6,Upland paddy,R-24,Rabi,140,10,400,145.0,79.0,74.0,40.0
548,Maharashtra,6,Upland paddy,R-24,Rabi,160,12,500,80.0,55.0,46.0,30.0
549,Maharashtra,6,Upland paddy,R-24,Rabi,160,12,500,134.0,77.0,69.0,40.0
550,Maharashtra,6,Upland paddy,R-24,Rabi,180,14,600,68.0,54.0,41.0,30.0
551,Maharashtra,6,Upland paddy,R-24,Rabi,180,14,600,123.0,76.0,64.0,40.0
552,Maharashtra,6,Upland paddy,R-24,Rabi,200,16,700,57.0,52.0,36.0,30.0
553,Maharashtra,6,Upland paddy,R-24,Rabi,200,16,700,112.0,74.0,59.0,40.0
554,Maharashtra,6,Pearl millet,Saburi-RHRBH-8609,Kharif,100,6,250,61.0,77.0,35.0,30.0
555,Maharashtra,6,Pearl millet,Saburi-RHRBH-8609,Kharif,100,6,250,78.0,94.0,43.0,35.0
556,Maharashtra,6,Pearl millet,Saburi-RHRBH-8609,Kharif,120,10,300,54.0,60.0,32.0,30.0
557,Maharashtra,6,Pearl millet,Saburi-RHRBH-8609,Kharif,120,10,300,70.0,77.0,40.0,35.0
558,Maharashtra,6,Pearl millet,Saburi-RHRBH-8609,Kharif,140,14,350,46.0,44.0,29.0,30.0
559,Maharashtra,6,Pearl millet,Saburi-RHRBH-8609,Kharif,140,14,350,63.0,61.0,37.0,35.0
560,Maharashtra,6,Pearl millet,Saburi-RHRBH-8609,Kharif,160,18,400,38.0,28.0,26.0,30.0
561,Maharashtra,6,Pearl millet,Saburi-RHRBH-8609,Kharif,160,18,400,55.0,45.0,34.0,35.0
562,Maharashtra,6,Pearl millet,Saburi-RHRBH-8609,Kharif,180,22,450,30.0,11.0,23.0,30.0
563,Maharashtra,6,Pearl millet,Saburi-RHRBH-8609,Kharif,180,22,450,47.0,28.0,21.0,35.0
564,Maharashtra,6,Pearl millet,Saburi-RHRBH-8609,Kharif,200,26,500,23.0,25.0,20.0,30.0
565,Maharashtra,6,Pearl millet,Saburi-RHRBH-8609,Kharif,200,26,500,40.0,25.0,28.0,35.0
566,Maharashtra,6,Pearl millet,Saburi-RHRBH-8609,Kharif,220,26,550,16.0,25.0,17.0,30.0
567,Maharashtra,6,Pearl millet,Saburi-RHRBH-8609,Kharif,220,26,550,32.0,25.0,25.0,35.0
568,Maharashtra,6,Pearl millet,Saburi-RHRBH-8609,Kharif,240,26,600,8.0,25.0,14.0,30.0
569,Maharashtra,6,Pearl millet,Saburi-RHRBH-8609,Kharif,240,26,600,25.0,25.0,22.0,35.0
570,Maharashtra,8,Chickpea,Vishal,Rabi,100,6,200,59.0,61.0,18.0,20.0
571,Maharashtra,8,Chickpea,Vishal,Rabi,100,6,200,85.0,802.0,24.0,25.0
572,Maharashtra,8,Chickpea,Vishal,Rabi,120,8,250,50.0,55.0,16.0,20.0
573,Maharashtra,8,Chickpea,Vishal,Rabi,120,8,250,76.0,75.0,22.0,25.0
574,Maharashtra,8,Chickpea,Vishal,Rabi,140,10,300,41.0,50.0,14.0,20.0
575,Maharashtra,8,Chickpea,Vishal,Rabi,140,10,300,64.0,69.0,20.0,25.0
576,Maharashtra,8,Chickpea,Vishal,Rabi,160,12,350,31.0,44.0,12.0,20.0
577,Maharashtra,8,Chickpea,Vishal,Rabi,160,12,350,58.0,64.0,18.0,25.0
578,Maharashtra,8,Chickpea,Vishal,Rabi,180,14,400,22.0,39.0,10.0,20.0
579,Maharashtra,8,Chickpea,Vishal,Rabi,180,14,400,48.0,58.0,16.0,25.0
580,Maharashtra,8,Chickpea,Vishal,Rabi,200,16,450,13.0,33.0,8.0,20.0
581,Maharashtra,8,Chickpea,Vishal,Rabi,200,16,450,39.0,52.0,14.0,25.0
582,Maharashtra,8,Chickpea,Vishal,Rabi,220,18,500,25.0,28.0,25.0,20.0
583,Maharashtra,8,Chickpea,Vishal,Rabi,220,18,500,30.0,47.0,12.0,25.0
584,Maharashtra,8,Chickpea,Vishal,Rabi,240,20,550,25.0,22.0,25.0,20.0
585,Maharashtra,8,Chickpea,Vishal,Rabi,240,20,550,21.0,41.0,25.0,25.0
586,Maharashtra,8,Chickpea,Vishal,Rabi,260,22,600,25.0,16.0,25.0,20.0
587,Maharashtra,8,Chickpea,Vishal,Rabi,260,22,600,25.0,36.0,25.0,25.0
588,Maharashtra,8,Chickpea,Vishal,Rabi,260,24,650,25.0,25.0,25.0,20.0
589,Maharashtra,8,Chickpea,Vishal,Rabi,260,24,650,25.0,30.0,25.0,25.0
590,Maharashtra,8,Okra,Arka anamika,Summer,100,6,200,157.0,110.0,109.0,12.0
591,Maharashtra,8,Okra,Arka anamika,Summer,100,6,200,121.0,88.0,90.0,12.0
592,Maharashtra,8,Okra,Arka anamika,Summer,120,8,300,148.0,105.0,94.0,12.0
593,Maharashtra,8,Okra,Arka anamika,Summer,120,8,300,113.0,83.0,76.0,12.0
594,Maharashtra,8,Okra,Arka anamika,Summer,140,10,400,139.0,100.0,79.0,12.0
595,Maharashtra,8,Okra,Arka anamika,Summer,140,10,400,104.0,79.0,62.0,12.0
596,Maharashtra,8,Okra,Arka anamika,Summer,160,12,500,130.0,95.0,64.0,12.0
597,Maharashtra,8,Okra,Arka anamika,Summer,160,12,500,96.0,74.0,48.0,12.0
598,Maharashtra,8,Okra,Arka anamika,Summer,180,14,600,121.0,91.0,59.0,12.0
599,Maharashtra,8,Okra,Arka anamika,Summer,180,14,600,88.0,70.0,34.0,12.0
600,Maharashtra,8,Okra,Arka anamika,Summer,200,16,700,112.0,86.0,34.0,12.0
601,Maharashtra,8,Okra,Arka anamika,Summer,200,16,700,79.0,65.0,20.0,12.0
602,Maharashtra,8,Okra,Arka anamika,Summer,220,18,800,103.0,81.0,19.0,12.0
603,Maharashtra,8,Okra,Arka anamika,Summer,220,18,800,71.0,61.0,25.0,12.0
604,Maharashtra,8,Brinjal,Krishna,Summer,100,6,200,188.0,113.0,134.5,50.0
605,Maharashtra,8,Brinjal,Krishna,Summer,100,6,200,236.2,144.4,166.6,60.0
606,Maharashtra,8,Brinjal,Krishna,Summer,120,8,300,177.4,98.4,121.5,50.0
607,Maharashtra,8,Brinjal,Krishna,Summer,120,8,300,225.6,129.8,153.6,60.0
608,Maharashtra,8,Brinjal,Krishna,Summer,140,10,400,166.8,83.8,108.5,50.0
609,Maharashtra,8,Brinjal,Krishna,Summer,140,10,400,215.0,115.2,140.6,60.0
610,Maharashtra,8,Brinjal,Krishna,Summer,160,12,500,156.2,69.3,95.5,50.0
611,Maharashtra,8,Brinjal,Krishna,Summer,160,12,500,204.4,100.5,127.6,60.0
612,Maharashtra,8,Brinjal,Krishna,Summer,180,14,600,145.6,54.5,82.5,50.0
613,Maharashtra,8,Brinjal,Krishna,Summer,180,14,600,193.8,85.9,114.6,60.0
614,Maharashtra,8,Brinjal,Krishna,Summer,200,16,700,135.0,39.8,69.5,50.0
615,Maharashtra,8,Brinjal,Krishna,Summer,200,16,700,183.2,71.2,101.6,60.0
616,Maharashtra,8,Cabbage,Golden acre,Rabi,100,6,200,227.4,128.0,162.0,30.0
617,Maharashtra,8,Cabbage,Golden acre,Rabi,100,6,200,310.0,175.0,229.0,40.0
618,Maharashtra,8,Cabbage,Golden acre,Rabi,120,8,300,223.2,123.0,143.0,30.0
619,Maharashtra,8,Cabbage,Golden acre,Rabi,120,8,300,306.0,170.0,210.0,40.0
620,Maharashtra,8,Cabbage,Golden acre,Rabi,140,10,400,219.0,118.0,124.0,30.0
621,Maharashtra,8,Cabbage,Golden acre,Rabi,140,10,400,302.0,165.0,191.0,40.0
622,Maharashtra,8,Cabbage,Golden acre,Rabi,160,12,500,214.8,114.0,105.0,30.0
623,Maharashtra,8,Cabbage,Golden acre,Rabi,160,12,500,298.0,108.0,172.0,40.0
624,Maharashtra,8,Cabbage,Golden acre,Rabi,180,14,600,210.6,109.0,86.0,30.0
625,Maharashtra,8,Cabbage,Golden acre,Rabi,180,14,600,293.0,156.0,153.0,40.0
626,Maharashtra,8,Cabbage,Golden acre,Rabi,200,16,700,206.4,104.0,67.0,30.0
627,Maharashtra,8,Cabbage,Golden acre,Rabi,200,16,700,289.0,151.0,134.0,40.0
628,Maharashtra,8,Cauliflower,Namdhari N0. 90,Rabi,100,6,200,136.0,93.0,82.0,25.0
629,Maharashtra,8,Cauliflower,Namdhari N0. 90,Rabi,100,6,200,106.0,74.0,54.0,25.0
630,Maharashtra,8,Cauliflower,Namdhari N0. 90,Rabi,120,8,300,128.0,89.0,74.0,25.0
631,Maharashtra,8,Cauliflower,Namdhari N0. 90,Rabi,120,8,300,100.0,70.0,48.0,25.0
632,Maharashtra,8,Cauliflower,Namdhari N0. 90,Rabi,140,10,400,122.0,83.0,66.0,25.0
633,Maharashtra,8,Cauliflower,Namdhari N0. 90,Rabi,140,10,400,94.0,66.0,42.0,25.0
634,Maharashtra,8,Cauliflower,Namdhari N0. 90,Rabi,160,12,500,115.0,80.0,58.0,25.0
635,Maharashtra,8,Cauliflower,Namdhari N0. 90,Rabi,160,12,500,88.0,62.0,36.0,25.0
636,Maharashtra,8,Cauliflower,Namdhari N0. 90,Rabi,180,14,600,108.0,75.0,50.0,25.0
637,Maharashtra,8,Cauliflower,Namdhari N0. 90,Rabi,180,14,600,82.0,57.0,30.0,25.0
638,Maharashtra,8,Cauliflower,Namdhari N0. 90,Rabi,200,16,700,101.0,71.0,42.0,25.0
639,Maharashtra,8,Cauliflower,Namdhari N0. 90,Rabi,200,16,700,76.0,53.0,24.0,25.0
640,Maharashtra,8,Cauliflower,Namdhari N0. 90,Rabi,220,18,800,94.0,66.0,34.0,25.0
641,Maharashtra,8,Cauliflower,Namdhari N0. 90,Rabi,220,18,800,70.0,49.0,18.0,25.0
642,Maharashtra,11,Potato,Khurfi Jyoti,Rabi,100,6,200,231.0,125.0,196.0,175.0
643,Maharashtra,11,Potato,Khurfi Jyoti,Rabi,100,6,200,171.0,113.0,175.0,175.0
644,Maharashtra,11,Potato,Khurfi Jyoti,Rabi,120,8,300,223.0,114.0,179.0,175.0
645,Maharashtra,11,Potato,Khurfi Jyoti,Rabi,120,8,300,165.0,104.0,152.0,175.0
646,Maharashtra,11,Potato,Khurfi Jyoti,Rabi,140,10,400,251.0,103.0,162.0,175.0
647,Maharashtra,11,Potato,Khurfi Jyoti,Rabi,140,10,400,158.0,93.0,137.0,175.0
648,Maharashtra,11,Potato,Khurfi Jyoti,Rabi,160,12,500,207.0,92.0,145.0,175.0
649,Maharashtra,11,Potato,Khurfi Jyoti,Rabi,160,12,500,152.0,82.0,121.0,175.0
650,Maharashtra,11,Potato,Khurfi Jyoti,Rabi,180,14,600,199.0,81.0,128.0,175.0
651,Maharashtra,11,Potato,Khurfi Jyoti,Rabi,180,14,600,146.0,72.0,105.0,175.0
652,Maharashtra,11,Potato,Khurfi Jyoti,Rabi,200,16,700,191.0,70.0,111.0,175.0
653,Maharashtra,11,Potato,Khurfi Jyoti,Rabi,200,16,700,140.0,61.0,90.0,175.0
654,Maharashtra,11,Potato,Khurfi Jyoti,Rabi,220,18,800,183.0,59.0,94.12,175.0
655,Maharashtra,11,Potato,Khurfi Jyoti,Rabi,220,18,800,133.2,50.2,74.1,175.0
656,Maharashtra,11,Tomato,Dhanshree,Summer,100,6,200,114.0,91.0,105.0,30.0
657,Maharashtra,11,Tomato,Dhanshree,Summer,100,6,200,70.0,53.0,52.0,30.0
658,Maharashtra,11,Tomato,Dhanshree,Summer,120,8,300,105.0,84.0,80.0,30.0
659,Maharashtra,11,Tomato,Dhanshree,Summer,120,8,300,61.0,47.0,30.0,30.0
660,Maharashtra,11,Tomato,Dhanshree,Summer,140,10,400,96.0,75.0,55.0,30.0
661,Maharashtra,11,Tomato,Dhanshree,Summer,140,10,400,52.0,42.0,25.0,30.0
662,Maharashtra,11,Tomato,Dhanshree,Summer,160,12,500,86.0,66.0,30.0,30.0
663,Maharashtra,11,Tomato,Dhanshree,Summer,160,12,500,44.0,36.0,25.0,30.0
664,Maharashtra,11,Tomato,Dhanshree,Summer,180,14,600,77.0,55.0,25.0,30.0
665,Maharashtra,11,Tomato,Dhanshree,Summer,180,14,600,35.0,30.0,25.0,30.0
666,Maharashtra,11,Tomato,Dhanshree,Summer,200,16,700,68.0,50.0,25.0,30.0
667,Maharashtra,11,Tomato,Dhanshree,Summer,200,16,700,27.0,25.0,25.0,30.0
668,Maharashtra,11,Tomato,Dhanshree,Summer,220,18,800,59.0,42.0,25.0,30.0
669,Maharashtra,11,Tomato,Dhanshree,Summer,220,18,800,18.0,19.0,25.0,30.0
670,Maharashtra,8,Turmeric,Salem,Kharif,100,6,200,599.0,273.0,269.0,70.0
671,Maharashtra,8,Turmeric,Salem,Kharif,100,6,200,313.0,231.0,198.0,70.0
672,Maharashtra,8,Turmeric,Salem,Kharif,120,8,300,563.0,257.0,215.0,70.0
673,Maharashtra,8,Turmeric,Salem,Kharif,120,8,300,295.0,218.0,153.0,70.0
674,Maharashtra,8,Turmeric,Salem,Kharif,140,10,400,528.0,242.0,160.0,70.0
675,Maharashtra,8,Turmeric,Salem,Kharif,140,10,400,277.0,206.0,108.0,70.0
676,Maharashtra,8,Turmeric,Salem,Kharif,160,12,500,492.0,227.0,106.0,70.0
677,Maharashtra,8,Turmeric,Salem,Kharif,160,12,500,260.0,193.0,63.0,70.0
678,Maharashtra,8,Turmeric,Salem,Kharif,180,14,600,457.0,212.0,51.0,70.0
679,Maharashtra,8,Turmeric,Salem,Kharif,180,14,600,242.0,180.0,18.0,70.0
680,Maharashtra,8,Turmeric,Salem,Kharif,200,16,700,421.0,197.0,25.0,70.0
681,Maharashtra,8,Turmeric,Salem,Kharif,200,16,700,225.0,167.0,25.0,70.0
682,Maharashtra,8,Turmeric,Salem,Kharif,220,18,800,385.0,182.0,25.0,70.0
683,Maharashtra,8,Turmeric,Salem,Kharif,220,18,800,207.0,154.0,25.0,70.0
684,Maharashtra,8,Chilli,Phule Jyoti,Rabi,100,6,200,297.6,170.6,195.3,7.0
685,Maharashtra,8,Chilli,Phule Jyoti,Rabi,100,6,200,186.9,141.1,169.4,7.0
686,Maharashtra,8,Chilli,Phule Jyoti,Rabi,120,8,300,286.8,164.2,165.3,7.0
687,Maharashtra,8,Chilli,Phule Jyoti,Rabi,120,8,300,178.9,135.2,143.4,7.0
688,Maharashtra,8,Chilli,Phule Jyoti,Rabi,140,10,400,276.0,157.9,135.3,7.0
689,Maharashtra,8,Chilli,Phule Jyoti,Rabi,140,10,400,170.9,129.3,117.4,7.0
690,Maharashtra,8,Chilli,Phule Jyoti,Rabi,160,12,500,265.2,151.5,105.3,7.0
691,Maharashtra,8,Chilli,Phule Jyoti,Rabi,160,12,500,162.9,123.3,91.4,7.0
692,Maharashtra,8,Chilli,Phule Jyoti,Rabi,180,14,600,254.4,145.2,75.3,7.0
693,Maharashtra,8,Chilli,Phule Jyoti,Rabi,180,14,600,154.9,117.4,65.4,7.0
694,Maharashtra,8,Chilli,Phule Jyoti,Rabi,200,16,700,243.6,138.9,45.3,7.0
695,Maharashtra,8,Chilli,Phule Jyoti,Rabi,200,16,700,146.9,111.4,39.4,7.0
696,Maharashtra,8,Chilli,Phule Jyoti,Rabi,220,18,800,232.8,132.5,15.3,7.0
697,Maharashtra,8,Chilli,Phule Jyoti,Rabi,220,18,800,138.9,105.5,13.4,7.0
698,Maharashtra,8,Onion,N-2-4-1,Rabi,100,6,200,81.0,74.0,52.0,25.0
699,Maharashtra,8,Onion,N-2-4-1,Rabi,100,6,200,108.0,94.0,67.0,30.0
700,Maharashtra,8,Onion,N-2-4-1,Rabi,120,8,300,70.0,65.0,39.0,25.0
701,Maharashtra,8,Onion,N-2-4-1,Rabi,120,8,300,97.0,85.0,54.0,30.0
702,Maharashtra,8,Onion,N-2-4-1,Rabi,140,10,400,59.0,57.0,26.0,25.0
703,Maharashtra,8,Onion,N-2-4-1,Rabi,140,10,400,86.0,77.0,41.0,30.0
704,Maharashtra,8,Onion,N-2-4-1,Rabi,160,12,500,49.0,48.0,25.0,25.0
705,Maharashtra,8,Onion,N-2-4-1,Rabi,160,12,500,76.0,68.0,28.0,30.0
706,Maharashtra,8,Onion,N-2-4-1,Rabi,180,14,600,38.0,39.0,25.0,25.0
707,Maharashtra,8,Onion,N-2-4-1,Rabi,180,14,600,65.0,60.0,25.0,30.0
708,Maharashtra,8,Onion,N-2-4-1,Rabi,200,16,700,27.0,30.0,25.0,25.0
709,Maharashtra,8,Onion,N-2-4-1,Rabi,200,16,700,54.0,51.0,25.0,30.0
710,Maharashtra,12,Pigeonpea,ICPL-87,Kharif,100,6,200,36.0,63.0,67.0,16.0
711,Maharashtra,12,Pigeonpea,ICPL-87,Kharif,100,6,200,58.0,86.0,93.0,20.0
712,Maharashtra,12,Pigeonpea,ICPL-87,Kharif,120,8,300,25.0,54.0,50.0,16.0
713,Maharashtra,12,Pigeonpea,ICPL-87,Kharif,120,8,300,47.0,77.0,76.0,20.0
714,Maharashtra,12,Pigeonpea,ICPL-87,Kharif,140,10,400,14.0,44.0,33.0,16.0
715,Maharashtra,12,Pigeonpea,ICPL-87,Kharif,140,10,400,37.0,67.0,59.0,20.0
716,Maharashtra,12,Pigeonpea,ICPL-87,Kharif,160,12,500,25.0,35.0,16.0,16.0
717,Maharashtra,12,Pigeonpea,ICPL-87,Kharif,160,12,500,25.0,58.0,42.0,20.0
718,Maharashtra,12,Pigeonpea,ICPL-87,Kharif,180,14,600,25.0,25.0,1.0,16.0
719,Maharashtra,12,Pigeonpea,ICPL-87,Kharif,180,14,600,15.0,48.0,25.0,20.0
720,Maharashtra,12,Pigeonpea,ICPL-87,Kharif,200,16,700,25.0,16.0,25.0,16.0
721,Maharashtra,12,Pigeonpea,ICPL-87,Kharif,200,16,700,25.0,39.0,25.0,20.0
722,Maharashtra,12,Pigeonpea,ICPL-87,Kharif,200,18,800,25.0,25.0,25.0,16.0
723,Maharashtra,12,Pigeonpea,ICPL-87,Kharif,200,18,800,29.0,25.0,200.0,20.0
